text,true_label_id,true_label,pred_label_id,pred_label,confidence,correct
i was feeling really troubled and down over what my dad said,0,sadness,0,sadness,0.7706745859220648,True
i feel so thrilled to have three such distinguished individuals such as yourselves here,1,joy,1,joy,0.814958448250897,True
i feel is that the most likeable characters aren t important enough to the plot,1,joy,1,joy,0.7721415430787424,True
i tune out the rest of the world and focus on the rhythm of the needles and the softness of the yarn and for that time i feel my most peaceful,1,joy,1,joy,0.7813857940255584,True
i sit here writing this i feel unhappy inside,0,sadness,0,sadness,0.8577529921251519,True
im feeling and if ive liked being pregnant,2,love,1,joy,0.5118166144226419,False
im very hurt and i feel unimportant,0,sadness,0,sadness,0.7583527945750617,True
i used to be able to hang around talk with the cashier when i was putting away my money now i feel rushed and stressed if i take a second to fumble with the coins and put them in my purse,3,anger,4,fear,0.4074828186968822,False
i don t have the feeling of divine vibrations,1,joy,1,joy,0.7342810863986515,True
i vented my feelings towards the pathetic excuse of a communicat,0,sadness,0,sadness,0.8643271904615637,True
i feel privileged to be a part of something so eternal and so precious to the lord jesus he shed his blood so that churches like this could exist,1,joy,1,joy,0.7817582272885731,True
i get the feeling that this could be dangerous,3,anger,3,anger,0.40314631674741525,True
i feel like some of you have pains and you cannot imagine becoming passionate about the group or the idea that is causing pain,1,joy,1,joy,0.5560461383894503,True
i cant write a review for a book i adore unless i am feeling in the adoring mood at that moment,2,love,1,joy,0.7324342908521148,False
i mentioned in my last blog that i have started to get the feeling that i have been pressured into studying things i do not like which has also made me into a person i might not fully be,4,fear,4,fear,0.49734652918531275,True
i feel like it was all in vain cant be right and feel this wrong this heart of mine is just,0,sadness,0,sadness,0.8614805680632717,True
i was wondering if you will focus on the problems because any way you are not care for themselves when complaining or feeling needy,0,sadness,0,sadness,0.6601844165906365,True
im feeling insecure at the moment,4,fear,4,fear,0.5588074780803346,True
i feel more of numb now,0,sadness,0,sadness,0.850158046157918,True
i feel like that because for the most part i have accepted that this is a part of my life and that people will never changed,2,love,1,joy,0.7551754731311796,False
i feel i can only hope im not alone in these thoughts and im sure to all you fellow exchange students you probably have the same thoughts in mind with at least some of this listed some might say being an exchange student is unlike any other experience,0,sadness,1,joy,0.6619535378022844,False
i feel agitated and annoyed more than worried or fearful but these feelings can easily lead to being short tempered with my family and feelings of disharmony,4,fear,3,anger,0.5523926040351238,False
im feeling so appreciative of every experience in my life that has brought me to now to today,1,joy,1,joy,0.7540456656616423,True
ive have chosen to walk with jesus and maybe im feeling a bit miserable im going to suck it up and think about these three dudes,0,sadness,0,sadness,0.8838595631543225,True
i hate feeling like this this is bullshit ok i m so done bye,1,joy,0,sadness,0.6387913780578862,False
i see all my friends posting pics and status updates of where they are going or what they are doing and i feel a bit jealous knowing it s not something i can get out and enjoy,3,anger,3,anger,0.573499293974672,True
i feel eager to do well and i feel like ive got more titles in me he concluded ominously,1,joy,1,joy,0.8155730695893579,True
i don t care if any of you read this but this is just what i feel when i m around you guys i feel hated,0,sadness,0,sadness,0.6918057326080447,True
i could empathize with tab because of raging hormones and the connection feeling like someone else gets you thinks youre smart pretty worth attention,1,joy,1,joy,0.7473736941905306,True
i feel like i had a rather productive weekend and i cant always say that no matter how much i get done,1,joy,1,joy,0.8551111946180722,True
i feel and talk like a disadvantaged child and am waiting for half my face to come back to me,0,sadness,0,sadness,0.7823180743830683,True
i think itd be easier if i had parents that argued with me about it then i could feel rebellious or something p but right now i just feel like a burden,3,anger,0,sadness,0.3667799752289474,False
i have some pretty brazen goals and each day i feel stronger and more confident that i m going to reach my desired end result,1,joy,1,joy,0.8631681960808977,True
i feel privileged in my world,1,joy,1,joy,0.7627786657568925,True
i feel really irritated when i talk about my problems and people start talking about theirs,3,anger,3,anger,0.6788147270056621,True
i could change the emphasis and say i am stella and i m noticing i m feeling impatient,3,anger,3,anger,0.49701527888985886,True
im feeling really bitter about this one,3,anger,0,sadness,0.45203897841653756,False
i usually like sam but sometimes he gets downright whiny and i ll admit that all the mistakes he made due to sibling rivalry and pride that eventually led to the end of season kind of made me feel less tragic about the whole thing,0,sadness,0,sadness,0.8546394422332886,True
i do exercise i feel energetic and i am able to perform my other tasks in a very good manner,1,joy,1,joy,0.8668716254659269,True
i feel fond of him though because he feels like an amalgamation of many people i already know,2,love,1,joy,0.6699685879028165,False
i was feeling frantic,4,fear,4,fear,0.5697455565145545,True
i like in this world and making a list of them always makes me feel joyful,1,joy,1,joy,0.8204310995406522,True
i lay here typing this hate blog entry that no one would read although i want the whole world to read and praise me like dickens i feel so miserable,0,sadness,0,sadness,0.8800072456452476,True
i feel myself falling into the pit of buying it from her i think he s for real i m just skeptical of the women,4,fear,4,fear,0.620847382107704,True
i am reading about s sewing circles and i feel completely happy if you cant spit in the face of imperialism at least be a lesbian,1,joy,1,joy,0.7863766568041061,True
i suspect his reasoning may simply be to lull apple into feeling complacent,1,joy,1,joy,0.8214544790638116,True
i feel as if we have a talented enough team to win some games and go deep into the tournament,1,joy,1,joy,0.8361363519703977,True
i think they have always been proponents of the idea and it is just slightly possible that his feelings for a particularly charming new england girl have brought him around to their way of thinking,1,joy,1,joy,0.7947775258972058,True
i didnt make it to my weight watchers meeting feeling guilty i made sure i had a healthy breakfast consisting of museli yoghurt and fruit,0,sadness,0,sadness,0.8134036131744987,True
i feel more assured having made my peace with atheism,1,joy,1,joy,0.8395945813767043,True
i did feel things it was often just repressed fear and anxiety and distrust,0,sadness,4,fear,0.3808981502436083,False
i feel a strange gratitude for the hated israeli occupation of sinai that lasted from to for actually recognizing the importance of sinais history,5,surprise,4,fear,0.5356291894838916,False
i read it at a time amp place where i was feeling less than perfect,1,joy,1,joy,0.8464106937335018,True
i don t know about you but i m feeling amp blessed,1,joy,1,joy,0.7581033731645236,True
is hand started fondling his aching cock through the fabric of his boxers and he instinctively arched his back to feel more of the delicious sensation,1,joy,1,joy,0.6478515936159456,True
i felt that my birthday was my one day to feel special and i could do whatever i wanted,1,joy,1,joy,0.780313980876953,True
i should pull out if i feel resentful or edgy,3,anger,0,sadness,0.4664410422934714,False
i managed to re learn feeling insecure again,4,fear,4,fear,0.4792829862370486,True
im feeling generous this week,1,joy,1,joy,0.7619122926638321,True
i think were on a level of understanding though i still feel hes hesitant,4,fear,4,fear,0.6436452401947195,True
i feel lonely who make me feel special when i feel useless who are always kind and sweet to me,0,sadness,0,sadness,0.8706761987355806,True
i was asked to toast with champagne at the death bed and i remember feeling disgusted,3,anger,3,anger,0.6361002351685958,True
i feel about this part of my life and how treasured my london flatmates are to me it was especially neat to point at something and say this is where,2,love,1,joy,0.8336597972091342,False
im not sure how i feel more than anything im keen to see it as a test to see if im over him yet and ready to view him as a friend,1,joy,1,joy,0.7830231958550882,True
i am writing and sharing here is much more about my own story and what i believe with all my heart the world needs to know the riches we have in god than me feeling angry towards or trying to bash the people and leaders and parents,3,anger,3,anger,0.6572323013313462,True
i do feel insecure sometimes but who doesnt,4,fear,4,fear,0.5284366209890687,True
i feel very strongly about supporting charities that help children,1,joy,1,joy,0.8179351174004077,True
i only talk about how people make me feel and the only people i talk about are the ones that make me feel unhappy upset nervous or angry,0,sadness,0,sadness,0.7534636875682172,True
i feel completely rude with not keeping up with some of you over the course of the year but it has been a mightily busy one,3,anger,3,anger,0.6041360178082301,True
i feel very glad that finland s well known visual artist vesa kivinen had called me to work with him,1,joy,1,joy,0.8133727184239458,True
i feel like the crows and roosters will be teamed up with the horses and go against the bulls sharks and other monsters that are trying to take over of cool ranch,1,joy,1,joy,0.8177229357193452,True
i was feeling particularly vulnerable in a specific area so i began to talking to my friends and interestingly enough there was an incredible understanding of my struggle,4,fear,4,fear,0.5091767216650446,True
i wasnt very interested in it but it evoked the feeling of an earth grittily doomed by aliens quite well,0,sadness,0,sadness,0.8470291616083846,True
i feel i m handling it well and i m enjoying it he said,1,joy,1,joy,0.8275372331473486,True
i feel anger i feel sad i feel joy and i feel other emotions too but will stick to a few,0,sadness,0,sadness,0.8774631257045842,True
i feel special excitement and happiness,1,joy,1,joy,0.8410438357944602,True
i feel as though it is worthwhile and career wise,1,joy,1,joy,0.833275861812276,True
i feel privileged to have played against him,1,joy,1,joy,0.7876823967520615,True
im feeling sentimental or in need of reassurance,0,sadness,0,sadness,0.802840216532142,True
i always make things harder which im not going to lie i sometimes have a way of complicating the very simple however a new baby is a pretty big undertaking and from this comment and many many others i feel like he sees himself as being disturbed very little,0,sadness,0,sadness,0.5687930786470601,True
i feel irritable about the number of people that came into our office whining about their own circumstances i realize im not practicing thinking about the good things and i find it a better way to pull yourself into the present,3,anger,3,anger,0.6245952700537664,True
i feel like i am the world for this boy and im glad that for a time i can be that for him,1,joy,1,joy,0.786836759175377,True
ive been feeling sort of depressed,0,sadness,0,sadness,0.880999481382061,True
ive been feeling very listless lately,0,sadness,0,sadness,0.8747692053177537,True
i am going through trials or just feeling troubled about something i love to put on worship music while i am driving and really think about the words sing and pray as i go,0,sadness,0,sadness,0.7620846125010335,True
i feel like ive come a long way and im proud of what ive achieved not only this week but this year as well,1,joy,1,joy,0.8403873613914031,True
i just notice what i am doing that is ruining my happy moment because this feelingof discontent is my resistance to receiving love in the genuine way its being delivered,0,sadness,0,sadness,0.500624779762505,True
i cant tell you how many times in the four months we have been seeing each other seriously that we have had to have serious emotional talks because one or both of us was feeling tender,2,love,1,joy,0.404466320932163,False
i feel terrified because my landlord has not changed our locks yet,4,fear,4,fear,0.6519004932081163,True
im still feeling very emotional,0,sadness,3,anger,0.37745906256745043,False
i feel embarrassed that it got so bad,0,sadness,0,sadness,0.830032499262529,True
i have had moments of feeling silently offended by egyptian youngsters who identified as egyptian even if they were born in the us labeling me as a white person even though they were in many ways more assimilated than me,3,anger,3,anger,0.6251305685976566,True
i feel quite reluctant to pick up a dance with dragons book because once i m done with that who knows how long i d have to wait for martin to finish his next installment it took him years to release a dance with dragons after a feast for crows,4,fear,4,fear,0.6403689200685774,True
when i heard the last regulation of the socialist govrenment concerning pensions,0,sadness,1,joy,0.5685209270442334,False
i am off on wednesday to a postgraduate open day but there will be plenty to write about the rest of the week i feel sure,1,joy,1,joy,0.8488767912703927,True
i feel is he generous,2,love,1,joy,0.74652348219274,False
i like it though its very over the top but makes me feel clever by association,1,joy,1,joy,0.8357920968285,True
i got into the house feeling fairly calm the photographer is weaving his way in and out of bridesmaids doing touch ups my dad is telling a story my mom is running in and out of the house i manage to go through my list before the bridesmaids start clamoring for the dress,1,joy,1,joy,0.7829577797851675,True
i would like to take the opportunity to describe one day this week when i was feeling particularly gloomy,0,sadness,0,sadness,0.8388214106334092,True
i want to say i feel numb but if i was numb i wouldnt have this pain and i probably wouldnt be able to cry so much,0,sadness,0,sadness,0.854750864503945,True
i actually was in a meeting last week where someone yelled at an older lady because her phone rang i felt terrible for her your boss treats you unfairly or in this case someone makes you feel you are not worth anything is only allowing those who offended to steal your joy,3,anger,0,sadness,0.8234200824565109,False
im really not taking in information lately it could explain why ive been feeling sort of discontent lately,0,sadness,0,sadness,0.47814946911676065,True
im even feeling liked by the girls who hate pretty much everyone,2,love,1,joy,0.7007615945003047,False
i don t feel comfortable playing games with them presenting the bad guy as really a misunderstood good guy or vice versa,1,joy,0,sadness,0.4279678151482386,False
im feeling rather angsty and listless,0,sadness,3,anger,0.5154624075122506,False
i also feel the need to say thank you to the boy who helped me realize the above for showing me an absolutely splendid and hot night,1,joy,1,joy,0.8176430232835593,True
i feel so unloved without you next to me but when im with you,0,sadness,0,sadness,0.7921426280124455,True
i still feel a little weird and uncertain,4,fear,4,fear,0.5949601643710869,True
ive been feeling groggy the whole day,0,sadness,0,sadness,0.8226285173100979,True
i was lucky enough to feel and squeeze myself to a win in another festive challenge which involved a box full of items that we had to identify by blindly fondling through a hole,1,joy,1,joy,0.737207923880355,True
i feel extremely honoured to have received such a prestigious award,1,joy,1,joy,0.8115568991964105,True
i now im graduating in two days but i feel so sad right now,0,sadness,0,sadness,0.8808309261682402,True
i have to be honest and say that the first two chapters sort of overwhelmed me and i wasnt sure that i was going to be able to follow everything and was feeling kind of dumb,0,sadness,0,sadness,0.7401700026772203,True
i feel quite helpless in all of this so prayer is the most effective tool i have because i have no answers and there is nothing else i can offer them right now,0,sadness,0,sadness,0.5182152023152997,True
i feel ashamed of you,0,sadness,0,sadness,0.8650967193172487,True
i wont give you too much in case you feel greedy,3,anger,3,anger,0.5062705308135717,True
i can cope with his presence without feeling distressed if i can force myself into a quiet and resigned friendship,4,fear,0,sadness,0.4348258467766622,False
i feel my comments or opinion are sincere but some people get the wrong message,1,joy,1,joy,0.7060904944896793,True
i was feeling very anxious this song came on the radio as soon as i got in the car,4,fear,4,fear,0.6464205748756794,True
i hope shes feeling generous today and treat me to japanese food or something haha have a great day,1,joy,1,joy,0.7729051845945948,True
i feel like im unwelcome,0,sadness,0,sadness,0.8336127124058202,True
im feeling a little cranky negative after this doctors appointment,3,anger,3,anger,0.5723181815963738,True
i started thinking about which spaces made me feel most creative and what characteristics they had,1,joy,1,joy,0.8543188914020023,True
i werent feeling crappy enough aunt flo decided to show up and im bloated like a balloon,0,sadness,0,sadness,0.8309211237715897,True
i feel slytherin is my house slytherin is for those who are smart enough to know how to get the job done and at any cost,1,joy,1,joy,0.800945301692178,True
i still feel more than anything else humiliated whenever i think of everything that s happened,0,sadness,0,sadness,0.7039080800803627,True
i thought yoga was supposed to make me feel tranquil peaceful and sculpt my legs into those of a greek goddess,1,joy,1,joy,0.7869967856575292,True
i still feel frightened of the world yet no where near as much as i used to,4,fear,4,fear,0.6449419237636336,True
i went to a wedding this weekend and i have to say i was feeling very important,1,joy,1,joy,0.8266394693776595,True
i dont want to make this blog something that i just whine on all the time but i feel like ive been beaten with a two by four or something,0,sadness,0,sadness,0.6827572899985543,True
im feeling a little more hopeful about the future of my career,1,joy,1,joy,0.7882547665360635,True
i feel agitated with myself that i did not foresee her frustrations earlier leading to the ending of our relationship,4,fear,4,fear,0.3859624382991946,True
i understand that they are reacting to what we re doing i think they re observing us closely and i become happier i can actual feel that they re supporting us,2,love,1,joy,0.812567636905627,False
i feel as though most people will find it quite pleasant,1,joy,1,joy,0.8308973811989029,True
i go through my day feeling your movements and am amazed that something so miraculous is happening in my body its like a special secret only you and i have,5,surprise,1,joy,0.6658596330109732,False
i feel the presence of the divine with you when you are buried inside me smiling down at me your sweat dripping into my eager mouth,1,joy,1,joy,0.7086354047158442,True
i feel like now its more of sweet apple now,2,love,1,joy,0.7242192845968196,False
i felt joyful then it subsided now i feel joyful again,1,joy,1,joy,0.8191128237003095,True
i feel terrific in every one of them,1,joy,1,joy,0.8563570389919978,True
i was struck by the masculine feel of the strong graphics and deep colors in this months painting nighthawks by edward hopper,1,joy,1,joy,0.7720027588905626,True
i was feeling comfortable in the first fight i saw things that were working for me but i m expecting a better rendall munroe because i think he might have underestimated me first time around,1,joy,1,joy,0.8438011076753414,True
i am feeling eager to start doing some work the man who works there literally says so uhm you guys want to go in back and see if we can find anything to do,1,joy,1,joy,0.7946874739533918,True
i am feeling pretty excited about this,1,joy,1,joy,0.7798948072751315,True
i believe that people should choose the causes they feel passionate about and do what they can and i have no right or desire to push my own charities as more worthy than another,1,joy,1,joy,0.7438396353132063,True
im feeling so completely mellow and perfect tonight,1,joy,1,joy,0.8274436316703027,True
i feel benevolent enough to buy them some peanuts and other treats,1,joy,1,joy,0.7866123557605205,True
i listen to the advice of my eating disorder will i actually feel better,1,joy,1,joy,0.858778125296002,True
i feel as though were giving too many details about unimportant things like chriss mundane life and left out on other details like more character depth especially with secondary characters,0,sadness,0,sadness,0.675467058669549,True
im feeling optimistic to finish out these last two weeks strong and probably continue with what i have been doing,1,joy,1,joy,0.8432301335853954,True
i promise youll feel inspired afterwards,1,joy,1,joy,0.8356112120109844,True
i feel it is really valuable to contemplate on that phrase thy will be done in all of our lives,1,joy,1,joy,0.8164618470722746,True
i found myself feeling nostalgic as i thought about the temporarily abandoned little bishop chronicles,2,love,1,joy,0.5722639514021286,False
i dont want flowers or candy but the kind of guy that knows i like thinly sliced limes in my mineral water because it makes me feel glamorous and is humored by how pretentious that is,1,joy,1,joy,0.8089180359723629,True
i get paid too much because i get so many deliveries at work im feeling a bit shamed so will curb the spending for a bit,0,sadness,0,sadness,0.8590387645675875,True
i feel such duties are unimportant to our profession i just am not qualified to discuss all of them,0,sadness,0,sadness,0.6800514594361765,True
im just now realizing i didnt have a diet coke today and that makes me feel proud regardless of the other junk i consumed today,1,joy,1,joy,0.8334851081479565,True
i suck up is the boring dull town and the feeling being missed by my family and bf,0,sadness,0,sadness,0.8578430402681759,True
i feel quite glamorous in this dress,1,joy,1,joy,0.8516584224869644,True
i feel a bit calm now,1,joy,1,joy,0.8239376702030883,True
i do feel apprehensive and nervous at times about how i am performing with my modules,4,fear,4,fear,0.6320527571708869,True
i feel very mislead by someone that i really really thought i knew and liked very much so,2,love,0,sadness,0.4824313881207939,False
i feel like a may have mislead the very gracious readers of this blog,1,joy,0,sadness,0.2588792881523686,False
ive ever read that explains why i feel this way all the time and reassures me that im not just defective somehow,0,sadness,0,sadness,0.8333448008597777,True
i feel divine in more ways than one,1,joy,1,joy,0.7601878531127273,True
i feel elegant in a dress,1,joy,1,joy,0.8322642745148047,True
i actually feel halfway benevolent,1,joy,1,joy,0.7585841098280639,True
i have been feeling a little or a lot lost,0,sadness,0,sadness,0.8633859047909909,True
i love doing yoga i love learning about it i love what it has made me and when i think about sharing that with yoga students of my own i feel so hopeful and excited,1,joy,1,joy,0.806420795281227,True
i am not scared to let myself feel deeply many people are too frightened to let themselves div style clearboth padding bottom,4,fear,4,fear,0.6462848008617237,True
i need to step up my game but im just feeling like i cant be bothered,3,anger,3,anger,0.47391121118974755,True
i feel disgusted in any man in power who talks about electricity being a problem in his area and says even my own house has similar problems,3,anger,3,anger,0.5960057542842696,True
i feel so guilty for putting my child in daycare,0,sadness,0,sadness,0.8472512738665823,True
i realize how much my little family leans on me and it felt so overwhelming and i feel so inadequate,0,sadness,0,sadness,0.7616656250735158,True
i feel immensely distracted by the barrage of media i receive solicit,3,anger,4,fear,0.4843976146323114,False
i feel refrigerator magnets that were so popular a few years ago,1,joy,1,joy,0.8009256947760877,True
i did feel slightly weird in that costume,4,fear,4,fear,0.5370201486248072,True
i pull out one of my favorite books to make myself feel miserable,0,sadness,0,sadness,0.8824186364509768,True
im really happy but i just feel exhausted,0,sadness,0,sadness,0.85348077492082,True
i feel kind of awkward about doing this here goes,0,sadness,0,sadness,0.755730595359774,True
i was so uncomfortable and feeling weird feelings but wasn t sure if they were contractions since i never really felt contractions with jared until they jacked me up with pitocin,5,surprise,4,fear,0.5776952808494963,False
i feel so very keen to leave the country atm,1,joy,1,joy,0.8317280936618698,True
ive also been for a run which im feeling particularly virtuous about,1,joy,1,joy,0.7964989318898411,True
i apologise if the pictures are not very good quality but if youre stuck for ideas feel free to check out the websites in the captions,1,joy,1,joy,0.831719449704305,True
i suspect much of the country feels after the tragic events of last week,0,sadness,0,sadness,0.8651046077269764,True
i feel shame in a strange way,5,surprise,0,sadness,0.5190270489308845,False
i feel shy because of what i am wearing,4,fear,4,fear,0.471445213830999,True
getting sent on a company expense trip to another state to work for a week at that plan,1,joy,1,joy,0.5869695684026237,True
i feel like i have devoted myself to doing what i can to reduce my impact on the environment she wrote in her blog babsbrisbane,2,love,1,joy,0.7882296129730693,False
im not constantly horny or always feeling playful,1,joy,1,joy,0.6784126960735904,True
i feel the most unloved and unlovable,0,sadness,0,sadness,0.8189452383088119,True
i am going to actively learn more about these genres and or practice them so i can feel what i should feel as a dancer gt fearless courageous confident phew,1,joy,1,joy,0.8344956318655984,True
i began to feel a little anxious about may almost being over as obviously time is running out amp to be honest im just plumb out of excuses,4,fear,4,fear,0.6339486866148593,True
i entered the living room i had a horrible feeling aching in the depths of my stomach,0,sadness,0,sadness,0.7913055955428244,True
i feel like i should not be surprised at this development,5,surprise,4,fear,0.3574861363957043,False
ive been missing him and feeling so restless at home thinking of him,4,fear,4,fear,0.6127134299552082,True
i feel so amazing musicjuzz,1,joy,1,joy,0.8460609145793984,True
im feeling really terrible about it because my journaling has also come to a screeching halt as well,0,sadness,0,sadness,0.8450606207591105,True
i am now feeling delighted but daunted,1,joy,1,joy,0.8341196263375286,True
i think most interactions in person are probably fine sufficiently respectful and polite that the ladies don t feel abused,0,sadness,0,sadness,0.769416981554794,True
i need to feel creative and productive,1,joy,1,joy,0.8665611152754791,True
i feel any better,1,joy,1,joy,0.8558454286729769,True
i feel so much boring with my straight hair for all over years haha,0,sadness,0,sadness,0.8067960669013622,True
i feel a kind of dull grief over it,0,sadness,0,sadness,0.8785737218774322,True
i was stupid and said yes which made me feel idiotic because i didnt stick to my guns and do what i had set out to do,0,sadness,0,sadness,0.7733920258836399,True
i feel like i just doomed myself,0,sadness,0,sadness,0.8518834774570999,True
i could maybe get away with simpler folk melodies on some of the songs something fairly predictable but if its just me and a guitar it would end up feeling dull,0,sadness,0,sadness,0.8590130533729932,True
im thinking well i could be a bit smaller but for health reasons and i should see a doctor more regularly because im feeling crappy,0,sadness,0,sadness,0.8332062566860619,True
im upset with myself because i really feel like i have a blank years from years old,0,sadness,0,sadness,0.7631200609581767,True
i feel like i should be supporting them somehow but im not sure how,1,joy,1,joy,0.7298859592683561,True
i receive every month make me proud and feel appreciative,1,joy,1,joy,0.8219501071753861,True
im feeling better so hopefully things start falling back into the old routine,1,joy,1,joy,0.8627998182262887,True
i feel bouncy and i could easily run out there few hours,1,joy,1,joy,0.7476777155929538,True
im not condoning terrorist action but you feel so furious and powerless,3,anger,3,anger,0.5233824652266881,True
im feeling quite positive in what i want to achieve,1,joy,1,joy,0.8564356953689998,True
i feel a bit dull by it all,0,sadness,0,sadness,0.8726663501902886,True
i don t always feel like i have amazing style and most days i choose comfort over anything else but there is one thing that i feel makes all the difference in how i feel about myself and that is makeup,1,joy,1,joy,0.8349870654998739,True
i don t like feeling like an eager schoolboy waiting around for hours just to touch the shining alumninium,1,joy,1,joy,0.7651936967630383,True
i received the blanket i was absolutely amazed on how fluffy it is and extremely soft i really didnt think it was going to feel that amazing,5,surprise,1,joy,0.7569428277602266,False
i feel more amazed and more thankful for having e in our lives,5,surprise,1,joy,0.715225646315189,False
i always feel really confident of my life and my choices when i go home,1,joy,1,joy,0.8607619420218016,True
i feel virtuous and tough when i wear a hat jeans and a tshirt without worrying,1,joy,1,joy,0.7540670618652984,True
i love to dance but often feel inhibited by my own body unsure what i am capable of hyper concerned about other people watching me and having opinions on my style or just feeling awkward as if i have no idea what i am supposed to do here,4,fear,0,sadness,0.6775226531368015,False
i realized my mistake and i m really feeling terrible and thinking that i shouldn t do that,0,sadness,0,sadness,0.8603469717304529,True
i need a break or im feeling stressed out,3,anger,0,sadness,0.834816615486788,False
i feel that it is of vital importance that those who care about me know this stuff,1,joy,1,joy,0.8108864096172514,True
i chant the invocation and feel his force supporting me as i teach,1,joy,1,joy,0.7675199098798592,True
im polyamorous something im starting to feel truly accepted for being,2,love,1,joy,0.8019989904971138,False
i feel appalled right now,3,anger,4,fear,0.36735110970814433,False
i already feel he is using us it feels weird because i havent even done anything there yet but i feel it coming like ministry coming at me,4,fear,4,fear,0.5623847538308528,True
i feel confident around him and i am always there if he needs help,1,joy,1,joy,0.8523597790150069,True
i feel suffocated and paranoid,4,fear,4,fear,0.477574264285885,True
im feeling excited about it,1,joy,1,joy,0.7526148522334057,True
i feel somewhat fake in the group,0,sadness,0,sadness,0.7163094029151476,True
i am feeling so hyper and bouncy,1,joy,4,fear,0.3834367865007084,False
i have nostalgic feelings i have met wonderful people online and the online internet is for me like my second life,1,joy,1,joy,0.7550184939035168,True
i asked her what she meant by shes gonna feel jealous having loada of girls over me and then she said maybee i do like you a bitt,3,anger,3,anger,0.6166182848435869,True
i remember that i moved them but i cant remember where and i feel so foolish,0,sadness,0,sadness,0.7597051412168017,True
i loved the feeling i got during an amazing slalom run whether it was in training or in a race,1,joy,1,joy,0.7980109431529606,True
im just feeling listless and bored or something,0,sadness,0,sadness,0.8383295272562067,True
i know some people are more fond of the treat of going and getting a pedicure because you can just sit there and enjoy the wonderful feeling of someone else massaging your tender tootsies all the while flipping the pages of a book or magazine,2,love,1,joy,0.577118513969342,False
i justified in feeling slighted or am i just being ungrateful,0,sadness,0,sadness,0.717765712370751,True
i have to give it to men as women we complain a lot about the heals we have to wear but at least we can wear a dress and feel cool in the summer,1,joy,1,joy,0.8456012365555325,True
i feel like cards are the perfect thing to make with them,1,joy,1,joy,0.8486378047199008,True
i wasnt feeling well yesterday morning afternoon so i just laid in bed and ended up in the all too familiar youtube black hole,1,joy,1,joy,0.8216806242721509,True
i have not conducted a survey but it is quite likely that many of them feel as assaulted by onel s demons and other creators as i would have felt had the walls been covered only with eminent figures patriotic heroes and epic deeds,0,sadness,3,anger,0.47494220654988617,False
i just feel greedy and lame making one,3,anger,0,sadness,0.4708275385653885,False
i feel that i am useful to my people and that gives me a great feeling of achievement,1,joy,1,joy,0.834165278351256,True
i did feel for him as its horrible and expensive when it happens,0,sadness,0,sadness,0.7556879982996639,True
i made my way to class feeling a sense of fond connection with childhood only to discover i was without supplies which stirred other memories,2,love,1,joy,0.6877760169636004,False
im feeling generous today heres one more you may have already seen but is good for a chuckle,2,love,1,joy,0.7551862326026133,False
im feeling hopeful relieved,1,joy,1,joy,0.8186704490994406,True
i said something familiar such as i would love to be present with you now and i feel too anxious about time,4,fear,4,fear,0.6651655311918993,True
i ended the podcast feeling not depressed exactly but like i still didn t have a concrete answer for how to strike that balance that self help authors love to talk about,0,sadness,0,sadness,0.8790675380012595,True
i found myself being amazed at how mid s f would feel a tad cool as if perhaps a sweatshirt wouldve been a good idea,1,joy,1,joy,0.8092185717137728,True
i to feel defeated,0,sadness,0,sadness,0.847299786664442,True
i feel so greedy of holidays and forgetting my responsibilities,3,anger,0,sadness,0.3680979729305486,False
i feel like an emotional cutter,0,sadness,0,sadness,0.3502827032929075,True
i feel like my fish might be moderately more intelligent than most fish as ive noticed they have a tendency to go to the corner of the tank closest to the container of fish food and just stare at it,1,joy,1,joy,0.8113458760035922,True
i feel love se inscrie intr un rafinament lejer romantic si extrem de feminin,2,love,1,joy,0.538289064384541,False
im feeling a little dirty,0,sadness,0,sadness,0.5068491670794811,True
when i learnt that my best friend had failed the exams,3,anger,4,fear,0.2874770736574299,False
i doubt that makes any sense to any one but me when i feel emotional the metaphors come tumbling out like a rock slide see,0,sadness,0,sadness,0.652666825609457,True
ive been feeling a bit melancholy,0,sadness,0,sadness,0.8763838540843433,True
i am not surprised cause its like ok when you feel crappy and it just continues for like days or so you really try to avoid getting that sickness again,0,sadness,0,sadness,0.8345168388311961,True
i still feel confused and guilty about the whole thing,4,fear,0,sadness,0.6800297446189699,False
i feel slightly saddened to know that some of the kids have also resigned during my absence,0,sadness,0,sadness,0.8647932670397489,True
i honestly thought impossible at this point i feel pretty,1,joy,1,joy,0.807275654748693,True
i see on wednesday im feeling fantastic these days and i can tell im getting smaller and smaller,1,joy,1,joy,0.8536603193762858,True
i think your viewers tonight will enjoy the show coming from malm they will like some things be less fond of other things but hopefully they will feel entertained and smitten and feel the urge to cast a vote regardless if your country is voting tonight or not,1,joy,1,joy,0.7987028678634543,True
i feel a little virtuous doing these things but on the other hand nini s tasted better,1,joy,1,joy,0.8286957182396882,True
ive also had a nosy on the website and seeing as its coming up to that time of year and im feeling strangely festive for once ive picked my top five products from the a href http www,1,joy,4,fear,0.5034098674214299,False
i feel shocked that you d stoup to destinys child b,5,surprise,4,fear,0.510773011240168,False
im not feeling mellow,1,joy,1,joy,0.794621155129061,True
i feel that the suffering is more than i can bear i take refuge in the lord in the blessed sacrament and i speak to him with profound silence,0,sadness,1,joy,0.6167774801589724,False
i forgive myself that i have accepted and allowed myself to think that as i am writing this blog that someone will feel sorry for me give me some sympathy and tell me i am right,0,sadness,0,sadness,0.8626419195255425,True
i wept while jackson slept feeling overwhelmed by the feeling that i don t want to die,4,fear,4,fear,0.5406255333292941,True
i only do unwillingly and always leaves me feeling grouchy and unsettled,3,anger,0,sadness,0.6173946821075779,False
i feel so greedy so needy so helpless,3,anger,0,sadness,0.44882085109718173,False
i always feel sympathetic for those that do as well because life can be really hard on you sometimes when you do have alot of pride,2,love,1,joy,0.4706276895487905,False
im looking at the stress levels im feeling and not loving how concentrated they are because of my mindset of planning a wedding in four months,2,love,1,joy,0.7748249423862756,False
i mean i feel like a broke record sometimes,0,sadness,0,sadness,0.8585872377751291,True
i left my garmin on my bike so i was going to have to do this by feel coming out of transition its amazing hearing cheers and your adrenaline is just going crazy,1,joy,1,joy,0.8194916323782895,True
i feel comfortable here there was a huge niche market waiting to be explored,1,joy,1,joy,0.854367052295223,True
i feel underappreciated and under valued,1,joy,1,joy,0.4100860254967685,True
im not sure the feeling of loss will ever go away but it may dull to a sweet feeling of nostalgia at what i shared in this life with my dad and the luck i had to have a dad for years,0,sadness,1,joy,0.6021250467100006,False
im not the one who feel bothered about this,3,anger,3,anger,0.3989558484239857,True
i received a slightly belated message back from daniel and feel a lot more reassured that im not the only one who thinks l is emotionally insensitive,1,joy,1,joy,0.695940306494538,True
i get of oz is the occassional viewings of home and away and even a bit of neighbours if im feeling really tragic,0,sadness,0,sadness,0.8591265624057679,True
i started walking again yesterday and it feels amazing,1,joy,1,joy,0.8372484155814115,True
i feel fine class pin it button count layout horizontal pin it,1,joy,1,joy,0.8715568618461648,True
i am feeling very indecisive and spontaneous,4,fear,1,joy,0.6203411424021662,False
i feel tender when i have not done anything,2,love,1,joy,0.4697249113435876,False
i feel like this is a way i can combine all of my creative outpourings into one thing,1,joy,1,joy,0.8264872307399693,True
i got home and told peter how i was feeling he wasnt shocked at all by what i was telling him,5,surprise,4,fear,0.5003230007358986,False
i don t feel the least bit unwelcome in my party and my views are not uncommon,0,sadness,0,sadness,0.8450278401249928,True
i dont remember how january was like last year thats why i need a real diary but this one is feeling bitter dark and boring,3,anger,0,sadness,0.6563110276690692,False
i left the theater feeling sad and alone the sudden realization of my own fleeting mortality weighing down each and every step,0,sadness,0,sadness,0.8831419899203543,True
i may not have really been feeling superior but i certainly was feeling that i had the answers wasnt i,1,joy,1,joy,0.8198673243222977,True
i love and captured an atmospheric feeling in their landscapes that really impressed me,5,surprise,1,joy,0.827498731414413,False
i didn t feel talented at anything i was doing and eventually wasn t putting fully into it,1,joy,1,joy,0.8422188254323634,True
i never draw on both sides of the pages and like to know i can add to drawings when i feel like it rather than feeling pressured that they have to be finished all in one go,4,fear,4,fear,0.5042116909119784,True
i felt a stronger wish to be free from self cherishing through my refuge practice and a return to the feeling of freedom and protection from suffering which i stayed with for the rest of the meditation,0,sadness,1,joy,0.8096582301334996,False
i am not sure how i feel i think because i felt like i already knew i have already sort of accepted it,1,joy,1,joy,0.7769038094015941,True
i am feeling the self hate going or when i find myself feeling hateful of someone else all i have to do to feel the power and compassion of spirit once more is by remembering i am a spiritual being,3,anger,0,sadness,0.5753196099639414,False
i still feel like there are more than enough to keep me entertained while still being just a few to keep dusted,1,joy,1,joy,0.8017337395879061,True
i was feeling adventurous though so i went with some asian flavors of ginger and sesame oil for my salad,1,joy,1,joy,0.8258186611647922,True
i get it crumble but thanks for feeling the need to tell me that im the one who is fucked up,3,anger,0,sadness,0.41318699602512954,False
ive feeling a little blank and could think of nothing to write about which might be interesting to explore or had my mind captivated,0,sadness,0,sadness,0.7442489264854532,True
im feeling more lively than yesterday still not sure about food though,1,joy,1,joy,0.8483933939144904,True
i just got back from another miler faster than yesterday and im feeling amazing,5,surprise,1,joy,0.836411770751684,False
i left there feeling brow beaten,0,sadness,0,sadness,0.7835820707722415,True
i wanted to thank them all for giving jordan and myself the chance to be together without any distraction and making us feel so welcomed and loved,1,joy,1,joy,0.801216083881863,True
i feel a restless weekend heading our way,4,fear,4,fear,0.509292155800474,True
im in such a happy mood today i feel almost delighted and i havent done anything different today then i normally have it is wonderful,1,joy,1,joy,0.8231204353967376,True
im sure ill feel more playful soon but i just cant right now,1,joy,1,joy,0.7896810584325878,True
i don t really believe because i walked through all the water stops in my first marathon and i actually don t think that walking is bad but dammit i was feeling stubborn and i wanted to get home and needed to be motivated by something,3,anger,3,anger,0.5314177495176048,True
i hate it when i feel fearful for absolutely no reason,4,fear,4,fear,0.667593383421726,True
ive been feeling a little defeated maybe even over looked,0,sadness,0,sadness,0.8537010594264809,True
i woke up yesterday monday morning feeling a little depressed,0,sadness,0,sadness,0.8788771662265943,True
i met my ex briefly just to catch up because he was leaving for sarawak lololol it was good seeing him again and now i feel so awkward typing this,0,sadness,0,sadness,0.7363177395663485,True
i was playing a sport in an advanced pe class and many of the people were not advanced,3,anger,1,joy,0.6947702399896778,False
ive been feeling delicate this week,2,love,4,fear,0.29838519338474456,False
i don t feel well enough to cook,1,joy,1,joy,0.7995584688166825,True
im feeling playful a href http,1,joy,1,joy,0.7667793238662134,True
i feel like i know who most of them are by now and am starting to develop my likes and dislikes though i have not been keen on the snap evictions they have seemed pretty pointless the first one to go returned and the two webmates made absolutely zero impact on me so they won t be missed,1,joy,0,sadness,0.8012511884406754,False
i feel more creative,1,joy,1,joy,0.862879599299005,True
i feel should be determined by me and my actions and nobody or nothing else,1,joy,1,joy,0.7513326778027409,True
i maintain that these feelings should be repressed not expressed,0,sadness,0,sadness,0.7110477895102532,True
im taking is allowing me to get sleep which is wonderful but its leaving me feeling very groggy and nauseated,0,sadness,0,sadness,0.7569786681025167,True
i first started using this i did not like it because i felt like it made my hair feel very dirty even though i had just washed my hair,0,sadness,0,sadness,0.7664024785952812,True
i wish him and i could go out and i could do my hair and makeup and feel cute and flirt and talk and stuff but that never occurs,1,joy,1,joy,0.779485343094974,True
i feel like a lot of men are royally fucked up and go through life wreaking havoc and end up destroying themselves in the process,3,anger,3,anger,0.5309889709111971,True
i help my daughter when she is feeling angry,3,anger,3,anger,0.6455853283164783,True
i never know how to talk to people after shows i always feel a bit dazed so i hope they didnt think i was rude,5,surprise,4,fear,0.43587918536037756,False
i feel so blessed to be able to share it with you all,1,joy,1,joy,0.7449399479198057,True
i am so grateful to have been filled up by general conference and to feel the joyful power of the spirit after such a wonderful weekend,1,joy,1,joy,0.7657564264650534,True
i feel so jaded and bored,0,sadness,0,sadness,0.827411042541035,True
im not sure how i feel about needing to exercise so as to maintain a pleasant demeanor,1,joy,1,joy,0.8175473425604388,True
i didn t feel intimidated or overwhelmed with information though,4,fear,4,fear,0.6014092872547384,True
i feel a lot of affection for you that is longing to be conveyed,2,love,1,joy,0.5038313486260432,False
i feel that i worry too much and much on petty things like,3,anger,3,anger,0.46367582786634204,True
i feel thoroughly virtuous even if the daily trip to the compost bin isn t the most pleasant experience,1,joy,1,joy,0.8259236279773999,True
i feel it would be foolish and perhaps a little disrespectful to consider doing the long hilly race,0,sadness,0,sadness,0.7300385598480701,True
i feel like the leadership training was a perfect vision of what god wants missionary work to be now,1,joy,1,joy,0.8278918083335539,True
i feel rejected and i cant find what ive left behind,0,sadness,0,sadness,0.8775642231711209,True
i was feeling pretty relaxed by the time i boarded the very new looking airbus and headed into the hazy sky en route to honolulu,1,joy,1,joy,0.8549926017919081,True
i am a quiet person but what i have to say i feel is important,1,joy,1,joy,0.7539399922882744,True
i will admit with the joy of cooking there are also times where you feel defeated,0,sadness,0,sadness,0.8528231761405041,True
i feel a little nervous i go to the gym,4,fear,4,fear,0.6579576330537569,True
i watched the news at the tv,3,anger,1,joy,0.3527696110782927,False
i might feel offended at times from hearing statements where that i strongly disagree,3,anger,3,anger,0.6377959916173548,True
i feel impatient with brian s prolonged assertion of his alien encounter but nobody other than the victim could truly relate to repercussion of being molested,3,anger,3,anger,0.4232811074076614,True
i feel so damn curious with what this blond doctor plan to do this night,5,surprise,4,fear,0.4462228141803736,False
i feel strong is that i dont let the anger win,1,joy,1,joy,0.8380076762607171,True
i was really struggling to run with the discomfort i was feeling but was determined to continue as the crowds on the bridge are massive and i didnt want to be one of the first people they saw walking or stopping,1,joy,4,fear,0.33980341804688596,False
i indicated then i was feeling quite overwhelmed with work responsibilities teaching traveling and writing,4,fear,4,fear,0.5462505656783901,True
i suppose i feel too trusting sometimes,1,joy,1,joy,0.6078428371876594,True
im sick of feeling unimportant like nobody needs me,0,sadness,0,sadness,0.7134738667448149,True
i feel so honored today and i want to share the emotion and my gratitude because i received a very complimentary email from someone who reads thought provoking perspectives,1,joy,1,joy,0.7985978902655946,True
i feel like nine times out of as long as you re determined and keen it tends to work out anyway,1,joy,1,joy,0.812111286735043,True
i dont know if i should let go and feel that vain or should i wait and stay in vain,0,sadness,0,sadness,0.8562033847500656,True
i told my fiance how i am feeling so angry and upset,3,anger,3,anger,0.6026111431157077,True
i would feel productive,1,joy,1,joy,0.8609894786001095,True
i was feeling defeated i usually pick things up easily this way but i just wasn t getting it,0,sadness,0,sadness,0.8367770346599676,True
i feel fine about feeling well fine,1,joy,1,joy,0.8644617276013961,True
i am sure its meant as a celebration of the various shades of red out there i feel insulted,3,anger,3,anger,0.6517735567196262,True
i feel the pressure to be funny all the time,5,surprise,1,joy,0.6616650872852081,False
i feel like i am actually a creative person now,1,joy,1,joy,0.8535704614073277,True
i checked the babys heartbeat and continued to feel him moving so besides feeling terrible i was at peace,0,sadness,0,sadness,0.8516911996947532,True
i was feeling more optimistic with blue skies no wind and temperatures hovering at about degrees,1,joy,1,joy,0.8377593259410338,True
i must say i don t consider my family broken nor do i feel any discontent about not having a father around,0,sadness,0,sadness,0.7417981784085934,True
i was feeling a little vain when i did this one,0,sadness,0,sadness,0.8569047725812429,True
i feel even more determined to keep up our once per week tradition that my son started,1,joy,1,joy,0.7846461249607386,True
i feel assured that the guns are locked away in the gun safe making it impossible for any of the children to access them,1,joy,1,joy,0.8146221364997571,True
i feel these days living in fears just another way of dying before your time so today i am declaring myself fearless,1,joy,1,joy,0.7666903945861332,True
i go again sometime in the future id probably just stick with the african tram which comes with entry fee maybe id spring for the asian tram and if i was feeling particularly brave i might even try the hot air balloon which i thought was reasonable priced at,1,joy,1,joy,0.8199735119941757,True
i dropped off the script and left feeling dissatisfied with myself,3,anger,3,anger,0.41130460101822297,True
i feel last time ure the one that feel paranoid,4,fear,4,fear,0.5330071679314963,True
i have been feeling overwhelmed with it all and needing to take time out,5,surprise,4,fear,0.538431060476485,False
i feel perfectly mellow,1,joy,1,joy,0.8136908738645121,True
i know it that sucker is overhead and i feel triumphant,1,joy,1,joy,0.7887397871848938,True
i feel so useless some days,0,sadness,0,sadness,0.874295414665781,True
ive been boring for few weeks and feeling a bit gloomy cause of the rainy days,0,sadness,0,sadness,0.8657748420059245,True
i feel blessed beyond blessed to share my life with you each week,2,love,1,joy,0.7209061755773395,False
i am not feeling so generous and he is sent to the sofa where he glares at me for the next six hours,1,joy,1,joy,0.7104470617732426,True
ive got a off sale the ad says starting tomorrow but im feeling generous and started it now,2,love,1,joy,0.7786044959503011,False
id ever known so i figured it was normal for me to feel ugly dumb and weird,0,sadness,0,sadness,0.7220902306996346,True
i feel unfortunate that i dont have a lot of time to spend with my family,0,sadness,0,sadness,0.8578944416969145,True
i feel impatient i just post a blog entry and i feel ive gotten some words written and out into the world,3,anger,3,anger,0.46892021422775093,True
i lie down he feels my belly listens to babys heartbeat gets mad at me for sitting up without rolling onto my side first and then tells me theres some protein in my urine nothing to be worried about though and asks if anything is bothering me,3,anger,4,fear,0.4106073418562115,False
i am feeling stressed and more than a bit anxious,3,anger,0,sadness,0.6557764971327029,False
i dont really know why but ive also been feeling really rebellious,3,anger,3,anger,0.5100058096461628,True
i dont know if i feel thrilled at finally getting to go camping again with people i like and know first time where thats happened,1,joy,1,joy,0.7760224031694771,True
i am being over dramatic but i do feel very strongly for her and i am resolved to speak with her next chance i get,1,joy,1,joy,0.8198909120263029,True
i got off the phone feeling numb,0,sadness,0,sadness,0.8416628843249285,True
i feel like living in austin was really sweet in other ways,2,love,1,joy,0.6807245193260331,False
i feel empty inside not surprising considering i havent eaten all day,0,sadness,0,sadness,0.8583128022142485,True
im feeling adventurous and successful in my quest so far,1,joy,1,joy,0.8483685782489292,True
i feel pained by this,0,sadness,0,sadness,0.762725748545016,True
i feel so lucky that i get to experience this joy at sssas every day,1,joy,1,joy,0.8308420223604518,True
i feel that books are always a wonderful gift for a baby,1,joy,1,joy,0.8040781843546739,True
i am feeling relieved to feel myself again,1,joy,1,joy,0.8178277752678367,True
i must confess that im still feeling very uncertain about how god is going to work everything out,4,fear,4,fear,0.6801529544554583,True
i have come from the summer time and feeling like coach hated me,3,anger,0,sadness,0.7349311440471303,False
i would call success and i was feeling pretty depressed about the state of clothes,0,sadness,0,sadness,0.8818896193788077,True
i couldnt feel more blessed at this time,1,joy,1,joy,0.7500666512755133,True
i really feel and i know the devil hates that its always been something he could use against me and im determined not to let him,1,joy,0,sadness,0.41022529227842003,False
i feel like i entertained sd all day,1,joy,1,joy,0.8302630773176787,True
i am at the point of feeling resentful toward him and i don t want to be,3,anger,3,anger,0.4802166624384159,True
i am put in mind of an odd feeling of vicious cruel natural order here it seems no one is able to escape the town the cycles of predator and victim catching up with anyone trying to elevate themselves out of the mire,3,anger,3,anger,0.5218420925690652,True
i feel like ive lost my mind,0,sadness,0,sadness,0.8664918683221183,True
i feel more virtuous just looking at the pictures in her books,1,joy,1,joy,0.8296108497229211,True
i am feeling rather heartless because i recently heard the words unconditional love and could not find it in myself,3,anger,0,sadness,0.7901196650050751,False
i still do feel left out i do feel like the most hated kid in the asian crew,3,anger,0,sadness,0.7323348872027045,False
i feel more faithful than ever,1,joy,1,joy,0.6770762545838914,True
im feeling really out of place and irritated,3,anger,3,anger,0.6792942662291422,True
i am left feeling heartbroken about losing that child and then guilty because my parenting and wife ing has been so far below par for the last months,0,sadness,0,sadness,0.8784144786087561,True
i feel so discontent so guilty so pathetic so lonley and i hate myself for it,0,sadness,0,sadness,0.8571335150027569,True
i took care of myself by avoiding family events that make me feel shitty,0,sadness,0,sadness,0.8554993806480274,True
i blamed the people around me for making me feel less valued for being a stay at home mom,1,joy,1,joy,0.8164126443759908,True
i feel it like you target blank class di title bookmark on del,0,sadness,0,sadness,0.7533826135059656,True
i feel cared for and accepted,2,love,1,joy,0.6050352221907995,False
i had my carrot sticks not on the program they want you to eat super low gi veggies and carrots are relatively high in sugar however they were convenient and later another shake but i was still feeling pretty lousy,0,sadness,0,sadness,0.8167702199502055,True
i sat up to embrace them and realised that two hours spent shaking my thang in an eighties bar celebrating the fact i am one year closer to death had left my ageing body feeling punished and my normally pink feet blackened,0,sadness,0,sadness,0.7421125243794682,True
im feeling rotten and pretending it just aint so,0,sadness,0,sadness,0.866243962448796,True
i feel like i cant have dirty dishes piled up laundry strewn about or toys scattered everywhere,0,sadness,0,sadness,0.6699276042390914,True
i feel it is perfectly acceptable to consume homemade chex party mix for breakfast during the holidays given the fact that it is mostly cereal,1,joy,1,joy,0.8197104652741914,True
i don t feel particularly agitated,4,fear,3,anger,0.40550031775456225,False
i was afraid of water when i was young people feel afraid of death because they have never experienced it,4,fear,4,fear,0.6344304328845866,True
i feel shy about it all and also a little concerned whether my new title will distance me away from people i care for,4,fear,4,fear,0.561582271815866,True
i like to have the same breathless feeling as a reader eager to see what will happen next,1,joy,1,joy,0.3440999075597643,True
i havent needed the pain meds maybe i will chillax with some wine feeling all elegant like,1,joy,1,joy,0.8333393221681614,True
i can never tell him how i feel and it really sucks because i think he gets really bothered by that,3,anger,3,anger,0.44602695273100157,True
i guess feelings aren t meant to be inhibited or prohibited,4,fear,0,sadness,0.46079482295071494,False
ive started feeling like almost nothing is worth getting agitated about,4,fear,3,anger,0.3870581037535191,False
i feel so needy latley,0,sadness,0,sadness,0.6781313268330358,True
i think im making up for feeling like i missed autumn and its great colours,0,sadness,0,sadness,0.48003106425174674,True
i work myself like crazy doing extra stuff around the house or volunteering and serving other people in an attempt to feel productive and useful to someone anyone pleeeeeease,1,joy,1,joy,0.8426503545118872,True
i am up and ready to read read read today even though im feeling very groggy this morning,0,sadness,0,sadness,0.798788370270371,True
i feel productive and active but i have the balance i need,1,joy,1,joy,0.8576471474536653,True
i am feeling outraged it shows everywhere,3,anger,3,anger,0.5091960519073578,True
i have no strong feelings for this book neither hated nor loved it,3,anger,0,sadness,0.5959391617173614,False
i have a feeling this is a bit naughty scanning an article from a magazine but i know that so many people would love to read thi,2,love,3,anger,0.3579622161641549,False
i feel that he is so determined to steal private industries away from citizens of this nation that he has given no time to fighting the real enemies of theu,1,joy,1,joy,0.6588968571722905,True
i feel like i am in paradise kissing those sweet lips make me feel like i dive into a magical world of love,1,joy,1,joy,0.7124183700248122,True
i posted on my facebook page earlier this week ive been feeling a little grumpy and out of sorts the past few days,3,anger,3,anger,0.45129622275519843,True
i forced myself to keep going back even though they made me feel consistently uncomfortable but after a while i just gave up as i saw no point,4,fear,4,fear,0.4399121170621979,True
i am doing this and makes me feel more determined to give it some effort and dig deep when im feeling the pain,1,joy,1,joy,0.7713590463471328,True
i was wasting my life away going out with one person after another to find love feeling shitty and anti social about my polytechnic life i met this guy,0,sadness,0,sadness,0.8113420257418902,True
i am feeling pressured to blog the bad,4,fear,4,fear,0.5399813519680279,True
i feel like most teams would have appeased jackson at this point but the eagles are terribly stubborn,3,anger,3,anger,0.48105381904593003,True
i feel so giggly reading your comment tags,1,joy,1,joy,0.7865290281423141,True
i feel honored to receive the grassroots preservation award,1,joy,1,joy,0.8183033297379366,True
i feel rotten remind me that your fruit won t spoil,0,sadness,0,sadness,0.8703838398540734,True
i feel is entirely more dangerous,3,anger,3,anger,0.4559242958369399,True
i feel kinda lousy about myself,0,sadness,0,sadness,0.860760368555772,True
i am feeling very petty right now,3,anger,3,anger,0.44929006671499094,True
i feel respected and secure where i can journey toward loving and be loved in return,1,joy,1,joy,0.7893670006843643,True
i dont know whether his presence is the reason why i feel more homesick for the uk than the us or just by being here makes me miss my former home,0,sadness,0,sadness,0.874115488725806,True
i feel numb as i carry on and i wonder if i will get over it,0,sadness,0,sadness,0.8452501621910418,True
i grabbed my dog and hugged her fiercly for the next hour or so until i began to feel a bit like myself again but i havent completly shaken the feeling and have been feeling rather depressed anxious all day,4,fear,0,sadness,0.782799844555923,False
i went to training feeling very disheartened,0,sadness,0,sadness,0.8585292485943915,True
i see the look of doubt on your face i feel the scorn in your eyes but for anyone skeptical of grits dinner grits please see this as a totally amazing sister to mashed potatoes,4,fear,4,fear,0.3346992598853253,True
i feel so humiliated by my own self,0,sadness,0,sadness,0.7387815569469278,True
i also feel this conversation could dovetail quite easily into another about images and objects that are ugly to serve the purpose of being ironic,0,sadness,3,anger,0.5592340863351016,False
i feel very honoured to be included in a magzine which prioritises health and clean living so highly im curious do any of you read magazines concerned with health and clean lifestyles such as the green parent,1,joy,1,joy,0.8114179642187171,True
i cant do a simple math question and guess what i broke down in front of my tuition teacher whom i have known for almost years now feeling pressured and i feel so bad bout myself,4,fear,0,sadness,0.3718130349874174,False
i feel that i am afraid of whatever ad anything that will happen and idc is it good or bad i am just afraid and i hope god you will help me in whatever i do,4,fear,4,fear,0.6649021742325875,True
im feeling very peaceful about our wedding again now after having,1,joy,1,joy,0.7965160432752051,True
i know he does the same thing for so many passersby i feel special truly welcome in his country,1,joy,1,joy,0.7966429688385325,True
i feel like ive gotten to know many of you through comments and emails and for that im appreciative and glad you are a part of this little space,1,joy,1,joy,0.7905500491242852,True
i felt this emotion when my name was announced on the radio that i had been selected to come to lilongwe school for health sciences to take a training course as a medical assistat,1,joy,1,joy,0.6206552769589498,True
im updating my blog because i feel shitty,0,sadness,0,sadness,0.8400540033904046,True
i am feeling very strange but this is also present movement and i am trying this as one of way,4,fear,4,fear,0.5567465334836587,True
i have had no interest at all to make any effort to meet men and when the chance arrises i then feel burdened with negative thoughts of he ll just be another idiot only after one thing,0,sadness,0,sadness,0.8811169450754545,True
i say i feel alone br style color line height,0,sadness,0,sadness,0.8679861274421927,True
i decided to lay down in my bed but then i started to feel really violent like i wanted to punch and kick things except i didnt wnat to hurt anything,3,anger,3,anger,0.5834926502859332,True
i am feeling so appreciative today,1,joy,1,joy,0.7841055906313135,True
i feel a bit stressed even though all the things i have going on are fun,3,anger,0,sadness,0.8104278873737526,False
i have a feeling itll be a little more messy going home though,0,sadness,0,sadness,0.5700454779809957,True
i just keep feeling like someone is being unkind to me and doing me wrong and then all i can think of doing is to get back at them and the people they are close to,3,anger,0,sadness,0.43737012625919003,False
i feel like that im hated by most of the girls is it becoz im a good dancer,0,sadness,0,sadness,0.6482134317166383,True
i would suggest volunteering to help people in need such as at the salvation army when you help others you learn to appreciate what you still have and feel worthwhile,1,joy,1,joy,0.821828688380806,True
im feeling adventurous i might even make it multiple tiers too,1,joy,1,joy,0.8158638687320607,True
i feel is vital to keeping my spirit young even as my body fades,1,joy,1,joy,0.8222914715656277,True
i honestly feel extremely shy to ask my friends to take pictures of me how vain must they think i am,4,fear,0,sadness,0.5539370522062853,False
i am feeling so reluctant and overwhelmed i try to think of the alternative abandoning that dream,4,fear,4,fear,0.6580820847981702,True
i told him that i was willing to do whatever it took for me to not have to feel this horrible every day,0,sadness,0,sadness,0.857490646111745,True
i feel so amazingly overwhelming thrilled for my wedding,1,joy,1,joy,0.7085584208680313,True
i have made about sex i feel that women enjoy sex when their body and emotions are admired and respected,2,love,1,joy,0.8006021448670217,False
im not gonna lie i was kinda sad and down and feeling pretty lonely,0,sadness,0,sadness,0.8785855508350803,True
i would really love to be with him but not as a friend and not because he feels guilty or sorry for me,0,sadness,0,sadness,0.8439585963971457,True
i am feeling very thankful,1,joy,1,joy,0.78719254044326,True
i dont want to always be judgmental of particular men or scenarios that i often see in this area but with so much trafficking forced sex work and what basically amounts to slavery its hard not to feel slightly embittered and disillusioned,0,sadness,0,sadness,0.7200559634603195,True
i was pregnant with dean i spent the rest of my pregnancy feeling terrified about having another baby,4,fear,4,fear,0.6584128245508013,True
i am working right now guys and feel horny and so much passion,2,love,1,joy,0.4026570284307393,False
i have a feeling hell be the kid up there shooting daggers out of his eyes annoyed that hes standing up there holding flowers,3,anger,3,anger,0.6618189577530131,True
i bought this doraemon backpack from a charity store i had every intention of putting it in my etsy store but i feel like its too cute to sell,1,joy,1,joy,0.8028115561328323,True
i feel so restless so bored and im in danger of giving up on being good at work,4,fear,0,sadness,0.509583829427565,False
i feel shaky from the battering of emotions but im still standing,4,fear,4,fear,0.5258748139205249,True
i hate feeling alone too,0,sadness,0,sadness,0.8669124427458992,True
i am feeling rather damaged,0,sadness,0,sadness,0.8540005196110323,True
i feel less stress about doing pretty much any unpleasant obligation in life because i know that i will allow myself to mix it with things i enjoy running baking climbing coffee with girlfriends cuddling with my dog reading a book,0,sadness,0,sadness,0.5203886832334901,True
i know what it feels like to be scared into something,4,fear,4,fear,0.6352667934476789,True
i feel petty all of a sudden,3,anger,0,sadness,0.5597603796554114,False
i always feel so dull in the morning,0,sadness,0,sadness,0.8757127973655696,True
i have a feeling there are a lot of pissed off people in sea org in hollywood where scientology has become the monster that devoured wa wonderfully sleazy bohemian area,3,anger,3,anger,0.6353396088363336,True
i just say the things that i want without even thinking what the person would feel its rude right,3,anger,3,anger,0.6395515896221667,True
i honestly wish christmas was celebrated in the summer because i feel like i tend not be as jolly as i wish i could be,1,joy,1,joy,0.8290399927348443,True
i slowly realized that even the next day when the six hour effects had worn off i was feeling more energetic and could concentrate working through emotional crap better,1,joy,1,joy,0.8595851803943038,True
i cant feel dont turn your back on me i wont be ignored time wont heal dont turn your back on me i wont be ignored,0,sadness,0,sadness,0.8028647051079831,True
i feel ashamed to type all this,0,sadness,0,sadness,0.8693757757432684,True
i feel really shitty and it s seriously like the whole thing is ruined,0,sadness,0,sadness,0.8590988563475996,True
im definitely not feeling fearful or anything right now,4,fear,4,fear,0.6508326395581481,True
i was feeling a little fearful of trying to eat this damn thing,4,fear,4,fear,0.6648060580192001,True
i took for granted a few weeks ago is really weird and makes me feel really agitated and frustrated,3,anger,3,anger,0.451087791441585,True
i do feel discouraged by what my supervisor said,0,sadness,0,sadness,0.8570726877976511,True
im feeling doubtful about all of the patterns and colors working together but we cant be sure until everything comes together,4,fear,4,fear,0.6644965841705369,True
i am feeling vulnerable nervous worried anxious and a bit lost,4,fear,4,fear,0.6645984211259679,True
i bought the gb iphone i got a apple store credit i feel like they were sympathetic to early buyers and responded appropriately,2,love,1,joy,0.5131612741688247,False
i like the fresh feeling of sweet he gave me,1,joy,1,joy,0.6868737483859615,True
i feel inside this life is like a game sometimes then you came around me the walls just dissapeared nothing to surround me keep me from my fears im unprotected see how ive opened up youve made me trust coz ive never felt like this before im naked around you does it show,0,sadness,1,joy,0.40722380659933555,False
i had encountered before and as much as these dreams thrilled me they left me feeling even more terrified,4,fear,4,fear,0.6382251504173964,True
i am feeling particularly optimistic today and have every reason to look forward to amazing things in,1,joy,1,joy,0.8424600496570679,True
i still feel too chub to wear the cute summer clothes i had dreamed of,1,joy,1,joy,0.7919858462233748,True
i feel so smart when i find ways to trick myself like this,1,joy,1,joy,0.8455490655478465,True
im alone in this apartment i get this overwhelming feeling like im being watched and that im unwelcome,0,sadness,4,fear,0.46455568497906347,False
i encourage you next time youre feeling a little uncomfortable do your best to embrace it,4,fear,0,sadness,0.36057939663912486,False
i finally arrived home a couple of hours later feeling somewhat exhausted dehydrated and even sun burnt,0,sadness,0,sadness,0.8553295297502478,True
i have this grave feeling it will not be back until tomorrow and strangely enough i have accepted it,1,joy,0,sadness,0.56834550123423,False
i feel the need to layer on fake tan for a night out to give me a bit of colour my clothes do it for me,0,sadness,1,joy,0.5919556065065148,False
i feel like my only role now would be to tear your sails with my pessimism and discontent,0,sadness,0,sadness,0.399777014009645,True
i feel afraid agn lol whats new,4,fear,4,fear,0.6386125638374943,True
i feel like it might just be ok,1,joy,1,joy,0.8535068058315842,True
i left feeling pretty thrilled for the opportunity to at least throw my name in the hat,1,joy,1,joy,0.8083009486781706,True
i have that feeling that spark and i am not sure where it is going or if it will ever turn into that flame,1,joy,1,joy,0.7897884138474226,True
i am loosing out but i feel like i have have so much to share with many and if anything that is not unfortunate if anything it makes me grateful,0,sadness,0,sadness,0.5379258808647692,True
im saying this having not read the book the characters were hard to empathise for and a lot of the time i found myself not feeling distraught when something happened but rather uninterested and blank,4,fear,0,sadness,0.5449775097779733,False
i feel watching him grow into a self assured life loving boy,1,joy,1,joy,0.7393064939262584,True
i walked under the refuge feeling it was the perfect shelter from a storm,1,joy,1,joy,0.8191767788542045,True
i can say is that as long as you enjoy the story it entertains you and makes you feel emotional whether it be sad happy angry disgusted or just plain horny then who really gives a damn,0,sadness,3,anger,0.5591427881997751,False
i ever recognized what it was to feel passionate about something was with music,2,love,1,joy,0.6743946431300203,False
i stood up to you i finally stood up to you and now i feel like im being punished if i could go back and do it again,0,sadness,0,sadness,0.6056145301802417,True
ive had a few rough days since then and in the midst of crying and dealing and feeling just so defeated and emotional i put my coat on and curled up and created this safety nest inside my coat,0,sadness,0,sadness,0.8543139665860429,True
i pay attention it deepens into a feeling of being invaded and helpless,4,fear,4,fear,0.4440693325097558,True
i feel most passionate about that arouse my emotions seem to be the things i need to learn something about my emotion tells me there is a need to grow in some direction,2,love,1,joy,0.6777727365142046,False
i feel pissed off and angry,3,anger,3,anger,0.654602960115918,True
i start to feel lethargic about blogging,0,sadness,0,sadness,0.87454265136434,True
i have an ed i will tell you that i know i shouldn t feel shamed of eating a protein bar for breakfast and the fact that i ate one isn t what makes me shameful it s the fact i didn t make it is what made me hang my head and tuck tail,0,sadness,0,sadness,0.8440221366951719,True
i think i wanted audiences to feel impressed inspired or entertained when i was on stage,5,surprise,1,joy,0.8250695531014616,False
i just feel totally useless today,0,sadness,0,sadness,0.8697641853970633,True
i feel like in the last year especially i ve gone from a girl to a woman and despite how hesitant i have always been about getting older next year i will be twenty four i am surprised at how pleased i am to have done so,4,fear,4,fear,0.33904083145524194,True
i have been feeling regretful recently that i did not know back then that the abuse was not my fault and that it did not happen because of who i was but because of who they were,0,sadness,0,sadness,0.8572286017830083,True
i have to keep fighting for my life until i truly run out of fight and i ve been close enough to that twice to know a bit about what it feels like and we re not there yet no matter how despairing all this feels,0,sadness,0,sadness,0.7929275177212097,True
i also feel i have accepted my dark side and am finally realizing what of my dark side is healthy,1,joy,1,joy,0.8077930039291121,True
i feel like im being greedy asking for something so expensive,3,anger,3,anger,0.43334716330820255,True
i spend a lot of time feeling disappointed with myself for not doing a better job at attaining my goals,0,sadness,0,sadness,0.8514708480167499,True
i say i want to be more of people person but i feel very mellow right now,1,joy,1,joy,0.8150201802173287,True
i feel like the people that i myself love want and need don t talk to me and don t connect with me anymore because they have fucked up mental health and emotional problems that i can t help contribute contain understand or encompass,3,anger,3,anger,0.35323443535386007,True
i grew up feeling ugly and inadequate,0,sadness,0,sadness,0.836529645824165,True
i really feel like they were gentle reminders that while god hasnt always promised an easy road he has promised to be with us as we travel the rough ones,2,love,1,joy,0.5353968080938188,False
i feel scared anxious,4,fear,4,fear,0.6550628499184904,True
i feel very cheated since i am supporting the family and doing all the other stuff while he spends hours a day gaming,1,joy,0,sadness,0.7401284128870079,False
i am again not inspired and after looking at ideas and images i feel that i dont appreciate them anymore they become useless and purely skill driven having nothing to do with thought,0,sadness,0,sadness,0.625960059289496,True
i wake up feeling like something terrifyingly bad is bound to happen to me before i even get a chance to stick a limb outside of my covers,0,sadness,4,fear,0.36811476772546514,False
i was having an awful year racing and was feeling exhausted all the time,0,sadness,0,sadness,0.8649980903760263,True
im feeling crappy ill fish for compliments like any other girl,0,sadness,0,sadness,0.8096379952896605,True
i want to feel assured that my life will be good and i know it will be when i trust the lord,1,joy,1,joy,0.8427524699943921,True
i admit im feeling a little bit unloved at this point,0,sadness,0,sadness,0.8238511568457606,True
im not feeling the jolly this year though,1,joy,1,joy,0.8521509879452202,True
i can feel the warmth of the gentle sun,2,love,1,joy,0.6540458576425499,False
i just don t like to be asked about the reason behind my mood when i m feeling gloomy laughs,0,sadness,0,sadness,0.7821420785309806,True
i lift different now because it hurt so bad the day it happened that i can t get it out of my mind and i feel myself being a bit timid,4,fear,4,fear,0.35931175486586625,True
i feel very honoured to have been asked,1,joy,1,joy,0.7912734590507909,True
i am feeling better though i dont sound it,1,joy,1,joy,0.8472345987988942,True
i am trying my hardest so i can get to a place where i can join you and finally feel like i have something worthwhile to say,1,joy,1,joy,0.8043271588255594,True
i have been sitting at home revising today and all in all feeling quite stressed,3,anger,0,sadness,0.7554505645794921,False
i hurt your feelings and for that i am sorry,0,sadness,0,sadness,0.8515430954569577,True
i don t want to i feel irritated,3,anger,3,anger,0.6826851356419193,True
i am going to have to check on in just a few minutes but there is this clock up above the screen that keeps ticking down the minutes i have left so am feeling a bit frantic,4,fear,4,fear,0.5703573313547863,True
i cant help but think if id just shut up if id just not made a big deal of what was essentially two adults meeting at the same table for a hot beverage then perhaps i wouldnt have spent the bulk of the weekend feeling like a stupid shit,0,sadness,0,sadness,0.728257142384243,True
i feel like i should have some sort of rockstar razzle dazzle lifestyle but i would at least like to spend a third of my life doing something i feel is worthwhile,1,joy,1,joy,0.8380587391756211,True
i feel quite pleased with these little bits of news so i will celebrate tonight with a meet the brewer event hawkshead with some of my members in one of my newest pubs,1,joy,1,joy,0.8340596795580902,True
i firmly believe that the only way to go about this craft is to write the book that you feel passionate about and not to worry about finding the book that the mass audience desires,1,joy,1,joy,0.7103968909628369,True
i become someone else and i make random awkward jokes honestly this feeling is so strange is this what it feels like to be on top of a cloud,4,fear,4,fear,0.5688707763226349,True
i am starting to feel like maybe i do want a relationship im just to stubborn to admit it,3,anger,3,anger,0.38191137057483293,True
i did about nothing today and feel a little regretful,0,sadness,0,sadness,0.8680744643678455,True
i feel no need to work up acceptable conversation fodder,1,joy,1,joy,0.8152824676913245,True
i feel accepted because of my condition,2,love,1,joy,0.7946751875333072,False
i had come to associate the bad feelings with bad behaviour and this only continued,0,sadness,0,sadness,0.7014897112280303,True
im feeling extremely fabulous with my jacket and shoes aint no bitches gonna bring me down hahah,1,joy,1,joy,0.8380896682240109,True
i feel around someone the more idiotic i feel hence the unintelligible blabbering,0,sadness,0,sadness,0.7434361375869468,True
i feel that this information is vital to moving on with your day and you re not complete until you read it,1,joy,1,joy,0.8261169758277456,True
i feel restless in my own pursuits,4,fear,4,fear,0.5826220788119887,True
i feel so drained at the end of a novel because i try my very hardest to get something from it that will change and impact my life,0,sadness,0,sadness,0.8713570382727617,True
i am of snuffling and feeling dull,0,sadness,0,sadness,0.8688390553501512,True
i wanna feel that gorgeous body a yers underneath me next time i m fuckin ya alex took a deep breath and her eyes seemed to glow while she imagined the scenario in her mind a scene she had pictured many times before,1,joy,1,joy,0.7768982430381778,True
i wish there were more times when she just needed me to hold her and rock her to sleep because those are the moments when i feel most successful as father those times when im able to meet all of her needs just by being there for her,1,joy,1,joy,0.8469916186898309,True
i feel so pretty in them it doesnt matter how un glamorous the task is,1,joy,1,joy,0.8365439726741543,True
i was feeling distracted yesterday,3,anger,4,fear,0.4440820126181341,False
i am no longer even remotely ok with my body and i feel ugly to the person who swore to love me,0,sadness,0,sadness,0.7778937316177167,True
i have felt the need to write out my sometimes anxious feelings impatient thoughts lists of things that still should could be done before this baby arrives,3,anger,4,fear,0.42909025338023815,False
i feel so totally invigorated that i completely forget what it s like to have a cold,1,joy,0,sadness,0.47804406131707705,False
i just feel safer than working part time casual at hr,1,joy,1,joy,0.8468810159119261,True
i soon realized that an initial attraction to an activity that feels playful is often followed by a desire to practice to perfect the talent that led to the original enjoyment,1,joy,1,joy,0.7740700560012078,True
i also tell you in hopes that anyone who is still feeling stigmatized or ashamed of their mental health issues will let go of the stigma let go of the shame,0,sadness,0,sadness,0.8790808493667304,True
i feel is an acceptable and significant modernization to the storyline not a detraction,1,joy,1,joy,0.8254571491022421,True
i feel shocked and sad at the fact that there are so many sick people,5,surprise,4,fear,0.5210611953594323,False
i sometimes feel irritated at the thought of spending money on a few annuals to spruce up my doorstep,3,anger,3,anger,0.672752290476714,True
i look at their situation and feel so so jealous that i almost cant bear it,3,anger,3,anger,0.565917017791369,True
i feel so extremely disappointed by you you took me for granted,0,sadness,0,sadness,0.8598754007217057,True
i also didnt feel i could be mad at god because i know inside me that god does nothing without a purpose,3,anger,3,anger,0.5872167744311158,True
i felt so bad for the bad grade and feeling like having to hide it that i didnt know what to say except to declare in all my frustration that i hated school,0,sadness,0,sadness,0.8327168854443856,True
i feel like that is where i can make my most valued input and tried to do as much as possible to ensure i did an equal part in the construction,1,joy,1,joy,0.8232522407814997,True
i feel my heart is tortured by what i have done,3,anger,0,sadness,0.34779843193545895,False
i feel ungrateful for wanting more but the truth is,0,sadness,0,sadness,0.847870494034589,True
i feel so heartbroken over paul walker s tragic disappearance the life of someone so generous beautiful and talented should not end this way as other horrible individuals keep on living torturing assaulting and killing people,0,sadness,0,sadness,0.8641990365948992,True
i wonder how it feels to be loved by someone you love,2,love,1,joy,0.6126828133460206,False
i sit up and i feel awful about it as miles starts feeling up whoever s pants under his back for a cigarette box,0,sadness,0,sadness,0.8657185352287605,True
i feel rebellious i wish i could do things legally i cant smoke drink or drive,3,anger,3,anger,0.32852013230926835,True
i was ambushed again it was apparently my fault again i feel worthless,0,sadness,0,sadness,0.8612348253504436,True
i just feel like someone out there has to listen and be sympathetic and then,2,love,1,joy,0.5067331245422877,False
i both feel impatience at the rate of loss and impressed at the same time,5,surprise,4,fear,0.36426763105890436,False
i also feel the need to mention that the animators at pixar sure outdid themselves this time,1,joy,1,joy,0.37575280825737084,True
i feel it is of vital importance and stress we show love towards one another and genuine love please people otherwise feel free to go cold on me i do not like being misled,1,joy,3,anger,0.3159120389159803,False
i feel inspired so many thing i want to write down,1,joy,1,joy,0.8261101479949855,True
i feel i have to agree with her even though i can imagine some rather unpleasant possible cases,0,sadness,0,sadness,0.34743284330704965,True
i enjoy the day more when i feel cute,1,joy,1,joy,0.816219736962952,True
i no longer feel doomed to falling into the abyss with no way out,0,sadness,0,sadness,0.8549922114685886,True
im feeling absolutely amazing,5,surprise,1,joy,0.8368016782868176,False
i feel so emotional today,0,sadness,0,sadness,0.5480554261492916,True
i know nothing is going to change even i feel very envious to these people but i cant stop feeling jealous to these people because its a human beings instinct to act so,3,anger,3,anger,0.5796714692544322,True
i plan to do so by obtaining an mba and from that mba program i feel that the most valuable outcomes i would like,1,joy,1,joy,0.8447349329318076,True
i find myself in the odd position of feeling supportive of,2,love,1,joy,0.6690772985746606,False
i know i feel vulnerable,4,fear,4,fear,0.4593369518835212,True
i could just take my beliefs and feelings and lock them in a safe somewhere until i get my human life squared away i and just about everyone i know would be a lot happier or perhaps not,1,joy,1,joy,0.7902524034145999,True
i lost a few people which i hate because i have a really hard time letting go of people to whom i feel loyal,2,love,1,joy,0.6965493169553383,False
i feel as if today was a positive gift delivered to us teachers on a very stressful week,1,joy,1,joy,0.6312537419691238,True
i believe that with our minds focused on the daily rat race our bodies simply forget how to feel vital and free a classic case of you lose what you dont use,1,joy,1,joy,0.8401751809764779,True
i said i feel ugly today,0,sadness,0,sadness,0.8338683092637468,True
i have a feeling that people are using it more than they need to and enjoying the feeling as it flies carefree off the tongue but that is alright with me,1,joy,1,joy,0.8155050780225359,True
i am feeling apprehensive about it but also wildly excited,4,fear,4,fear,0.6270149556649903,True
i feel attacked or insulted it is helpful to realize that the idea of attack is alive and well in my own mind,3,anger,3,anger,0.6403177442753917,True
i really do feel superior,1,joy,1,joy,0.8542811479831068,True
i dont know how to deal with this i feel like its becoming apart if who i am im afraid that im going to associate it with regular things so that i will never forget it,4,fear,0,sadness,0.5100170001989791,False
i have a lot going on in my life and feel overwhelmed,4,fear,4,fear,0.561718984578795,True
i still sit back and feel amazed by the whole thing,5,surprise,1,joy,0.4101150319213732,False
i did feel rather like a celebrity and widget stood and let herself be admired while she drank orange squash from my cup,1,joy,1,joy,0.8137975394997004,True
i am feeling uncertain of the merits of posting to this blog with the frequency or earnestness i had been over the previous year,4,fear,4,fear,0.6639977409776294,True
i didnt want to be spending my days working in a job that i didnt enjoy or to come home feeling stressed and tired and not be able to give my daughter the attention she deserved,3,anger,0,sadness,0.8186438498446424,False
i enjoy about his work is the genuine feel and the pleasant message he is trying to deliver with all this,1,joy,1,joy,0.8248641284417776,True
i also feel the sidebar is messy,0,sadness,0,sadness,0.6426660611534579,True
i am feeling energized productive and creative,1,joy,1,joy,0.8579003838429571,True
i don t like eating meals that feel too virtuous,1,joy,1,joy,0.8033686161829301,True
i see momo feel shy momo hmmm gt me heyy momo,4,fear,4,fear,0.3801101770084376,True
i feel could have been avoided with some blazes markers or cairns i was very annoyed at this point,3,anger,3,anger,0.6654737420175099,True
i am feeling the tender spot on my foot when i flex it a certain way so it is back to wearing shoes all day for this cowboy,2,love,1,joy,0.4981163096196135,False
i was so focused on my heavy breathing my even strides the drops of sweat on my forehead that i forgot to feel socially awkward,0,sadness,0,sadness,0.7256826635751658,True
i wasn t feeling well but no specific issue,1,joy,1,joy,0.8386865030183197,True
i think it s the opposite i get to feel defeated because i was doing everything possible to keep baby healthy and my sugars in check,0,sadness,0,sadness,0.8633772215247871,True
im feeling fab thank you so very much for asking,1,joy,1,joy,0.7779911891706306,True
i was cooking my dinner feeling pretty melancholy when zane lowe gave it the first spin on his radio one show on tuesday and the song matched my mood perfectly,0,sadness,0,sadness,0.867325145741533,True
i dont like christmas because i feel like it has lost its meaning,0,sadness,0,sadness,0.8628202252794839,True
im feeling weepy already,0,sadness,0,sadness,0.8428103595681109,True
ive missed that feeling and ive missed being there and ive missed having something to work towards that keeps my focus on me and keeps it off of my phone and the potential trouble it can get me in,0,sadness,0,sadness,0.5868431543657295,True
i feel i should as a gracious gesture apologizing for my latest post about the osp and the rand license terms,2,love,1,joy,0.6821219467121271,False
i can t stop the anxiety i feel when i m alone when i ve got no distractions,0,sadness,0,sadness,0.8038026812829296,True
i know she shes the only one who provides income to my family right now but it feels like shes putting it up in our face that shes supporting us,1,joy,1,joy,0.7650381462863719,True
i feel so cold a href http irish,3,anger,0,sadness,0.5057901087642419,False
i dont really care and i dont feel proud of myself at all,1,joy,1,joy,0.8288505056059917,True
i fancied the terrains there and feel keen to go there again,1,joy,1,joy,0.8400104400765714,True
i feel a little glamorous i wet the brush,1,joy,1,joy,0.8465546065148767,True
ive learned that there are angels on earth who feel me as i feel them who stand by with a loving thought a healing heart or a steady hand just as i would also offer without a moments hesitation in return always,2,love,1,joy,0.7019515996344974,False
i start to feel unloved and unappreciated,0,sadness,0,sadness,0.8053595827903732,True
i just feel tender,2,love,1,joy,0.42541352060482607,False
i was feeling especially brave and asked me to take her engagement photos in hawaii,1,joy,1,joy,0.7808660590009394,True
i am not feeling too bad except that my ribs are aching and i have a pulled muscle in my shoulder blade region from all my excruciating hours of hacking my lungs out last night,0,sadness,0,sadness,0.8236589816985264,True
i was remembering this i was feeling skeptical,4,fear,4,fear,0.5818014978000603,True
i am controlling the growth of this business and every time i post work for a client i feel even more determined to make it a full time business one day,1,joy,1,joy,0.7876386636531642,True
i feel like im super rich kinda like when i could drink goldschlager haha,1,joy,1,joy,0.8433622881444996,True
i feel however i have something far more precious than feelings,1,joy,1,joy,0.7734879452581533,True
i get the impression that banjo was really feeling it but molly still prefers her beloved katy perry purrrr,2,love,1,joy,0.7690127925761584,False
i felt abandoned for what seemed like the millionth time in my life and i spent the last several days feeling sorry for myself when i should have been picking myself up in order to help my friends,0,sadness,0,sadness,0.8732116037890151,True
i feel enraged by the amount of people participating for the chance to break things or those who treat it as a tourist event,3,anger,3,anger,0.5650794380570053,True
i begin to sense how these characters are feeling the heartbreaks theyre suffering or have suffered already,0,sadness,0,sadness,0.8767024778986257,True
i feel so relaxed and happy and i have discovered that i love having projects that take a few months to do but in the end i will have an actual product to show for,1,joy,1,joy,0.8544675462440696,True
i feel like such a noob when the customers make really dull and stupid jokes that im supposed to find funny,0,sadness,0,sadness,0.8393943730228518,True
i think it s to do with the fact that i know i don t have a lot of time to play catch up and also because my free time for the first time in what feels like forever is really my free time,1,joy,1,joy,0.8060623505576995,True
i acted withdrawn and cold towards others in situations that required empathy its not that i dont care i just dont always feel the feelings so i fake it,0,sadness,0,sadness,0.7895447160183492,True
i feel like uninstalling skype deactivateing all of my facebook amp hatena accounts since im becoming a hateful person amp i dont want to get any worse than i am right now,3,anger,0,sadness,0.44036435460220474,False
i feel needy but comfortable with it i feel vulnerable but secure i feel the urge to cum hard but i get no relief,0,sadness,0,sadness,0.4517605071089139,True
i feel makes the perfect duo,1,joy,1,joy,0.8494294407066526,True
i feel like im at the spa getting a wonderful facial when i use them,1,joy,1,joy,0.8222693206656041,True
i feel more shy in swedish,4,fear,4,fear,0.5532386393721024,True
i had been blessed to be running it for the th time how could i not be feeling anything but thankful at the many gifts this race had given me,1,joy,1,joy,0.7654345444609315,True
i have finally cast my studio show and it feels fab,1,joy,1,joy,0.7296567620320457,True
i was feeling very unsure of myself and at near breaking point,4,fear,4,fear,0.6634896454867948,True
im feeling reluctant to exit my freshly cleaned apartment which i stayed up cleaning late last night,4,fear,4,fear,0.6554969728914898,True
i have a good feeling about this so i am excited,1,joy,1,joy,0.8021251756510753,True
i feel so relieved and happy to realize what is being said,1,joy,1,joy,0.8212148548101178,True
im amazed how many men say they feel unloved if the house is messy and they have to fix their own dinner,0,sadness,0,sadness,0.7053649896371262,True
i must add the crowd was similar to last night except it had a much more laid back stoner feel with supporting cast of parents escaped from their kids,2,love,1,joy,0.7974303822609035,False
i had told gerry yesterday that if i feel isolated it is my own fault,0,sadness,0,sadness,0.8263774456387597,True
i often feel confused as to whether i have bipolar or just a really hard core sinful nature,4,fear,4,fear,0.5031313548842785,True
i didnt start feeling the excitement until the movie was almost over and then it started coming in violent waves,3,anger,3,anger,0.47417475850147484,True
im not quite sure how she really feels about it because im pretty sure that she realizes that she is going to miss getting to watch the parade which is something she really enjoys,1,joy,1,joy,0.834330808911156,True
i wake up in morning and when i go to sleep at evening i feel that seed voice in my heart that is screaming out from my empty stitched heart,0,sadness,0,sadness,0.2566265210442256,True
i guess its because i feel like if im too passionate about something it will get taken away from me,2,love,1,joy,0.6047842328833625,False
i never feel like anythings getting resolved with my counseling so i just drift away,1,joy,1,joy,0.7146567145985656,True
i feel like im better amp able to do things it comes back,1,joy,1,joy,0.8616708011807686,True
i feel somewhat safe to give hosting a try,1,joy,1,joy,0.8197710032908022,True
i feel quite passionate about and that is how old should children be to undergo beauty treatments,1,joy,1,joy,0.7181896603974102,True
i start to feel a little overwhelmed knowing i have to make still,5,surprise,4,fear,0.5356192547231039,False
i feel like i m superior to the human race rel bookmark permalink,1,joy,1,joy,0.8380056682101625,True
i like being in church on sundays it makes me feel more virtuous how self effacing and more settled for the week ahead,1,joy,1,joy,0.8212507611347319,True
i have found that some korean men are turning to foreign women because of the freedom they feel it can be easily accounted for that dating between koreans can be a casual thing but more often than not it tends to be a serious matter,1,joy,1,joy,0.7687670205731397,True
i was feeling pretty distracted with a few things that have been going on so it felt good to go with a clear mind,3,anger,4,fear,0.4607519576533486,False
i really feel like i am useless in this world,0,sadness,0,sadness,0.8703734189543396,True
i feel intimidated nervous and overwhelmed and i shake like a leaf,4,fear,4,fear,0.6319199357888113,True
im making some more mood icons right now to let you see how i feel and think and of course its all charming,1,joy,1,joy,0.8196105487984492,True
i thought maybe once i started running i would feel ok,1,joy,1,joy,0.8674498543868948,True
i would always have this song stuck in my head after a bombing or incident and then i would feel a bit weird about it because if you dont really pay attention to the lyrics it sounds like such a happy song not the type youre supposed to hum on difficult days,4,fear,4,fear,0.5237155273293455,True
i feel like we re getting a terrific recruiter basketball coach and person,1,joy,1,joy,0.8446245083184758,True
i guess i wont feel too jealous since i often do my mothering at the pool but its nice to have a husband again,3,anger,3,anger,0.5923741479705316,True
i forgive myself for accepting and allowing myself to have the feeling that i am going to get punished for doing something wrong,0,sadness,0,sadness,0.6865829808830758,True
i feel suspicious of informality and a lack of credentials,4,fear,4,fear,0.5848803097238315,True
i sat there cold i flashed back to going to the hockey city classic and the degree weather and it feeling just as cold even though there was about a degree difference this night,3,anger,0,sadness,0.4699608042809471,False
i feel this weekend is going to be a slutty one,2,love,0,sadness,0.46364634030493623,False
i am feeling ok for my biostatistics course by my physiology course will be touchy,1,joy,1,joy,0.850584740672074,True
i was feeling playful that day and replied with a lighthearted bit of banter unwittingly replacing her question mark with a solid check mark my voice was just right for the funny yet informational for dummies series,1,joy,1,joy,0.7671715049524009,True
i feel like im being really needy,0,sadness,0,sadness,0.5784752186913824,True
i feel very honored in how much he has shared and expressed with me and that he trusts me,1,joy,1,joy,0.7767902690079365,True
i usually end up sitting at my desk feeling like i m at work but just doing unimportant tasks or browsing the internet,0,sadness,0,sadness,0.6477081924097094,True
i feel so fucking worthless,0,sadness,0,sadness,0.8676407937652931,True
i feel very honored to have been shortlisted within the patient ambassador volunteer category which recognises members of the public and staff who provide outstanding help and support through volunteering or providing patient opinions either on a public partnership forum or on a patients panel,1,joy,1,joy,0.8196734423494504,True
i never feel shy to call or send a billion text messages to and i wont be bugging her,4,fear,4,fear,0.5635280627405943,True
i feel very tender for anyone who is upset by the bee movie sort of like how you feel about old aunts who dont realize how prickly their whiskers are getting slightly repulsed but very sad for their decline,2,love,2,love,0.32238501603087766,True
i cannot even begin to express in words the depth of sorrow that i feel having not posted any of my ludicrous rants over the passed days,5,surprise,0,sadness,0.7425123850618286,False
i feel like i am not accepted here i and bucking this force that is coming from all quarters that tells me that something is wrong with me if i am not married with children,1,joy,1,joy,0.5891544316512691,True
told by some people the class leader only choose his friends not true,3,anger,1,joy,0.7434127650862243,False
i do feel terribly remourseful that i didnt stay faithful to my plans and get him sooner,2,love,1,joy,0.6525122597006128,False
i know its easy to feel a little envious of me and i cant tell you that you shouldnt,3,anger,0,sadness,0.3224250143397376,False
i was careful to make sure the characters featured you can feel sympathetic,2,love,1,joy,0.5416756655542335,False
i have been learning and re learning the lesson that no matter how i feel about myself or even how others may feel about me i am treasured by god,2,love,1,joy,0.781859313938992,False
i feel that an input from me will be valued as being less potent than say that of irfan pathan,1,joy,1,joy,0.8343647946956115,True
i just want to feel loved by you,2,love,1,joy,0.660005314714234,False
i feel sympathetic towards her she was tired and weary and i can see how a split second doubt could make the effortless action of standing still seem like the better option,2,love,1,joy,0.49008645493483366,False
i mean is that when we are true to ourselves and our style and we see a reflection we like in the mirror all of the ugliness in society that is there to make us feel ugly or inadequate based on our looks suddenly becomes completely annulled,0,sadness,0,sadness,0.8384911966967662,True
i first started reading city of dark magic i thought it would be a challenge to actually enjoy it since i felt like the content about famous classical music was over my head but luckily after plowing through the first chapter i became more confident and started feeling less dumb,0,sadness,0,sadness,0.46888239352318256,True
i spent wandering around still kinda dazed and not feeling particularly sociable but because id been in hiding for a couple for days and it was getting to be a little unhealthy i made myself go down to the cross and hang out with folks,1,joy,4,fear,0.3566069907891773,False
i already feel him kicking my ribs making it harder to breath sometimes and taking over precious space where my stomach once was,1,joy,3,anger,0.45330015067898066,False
i feel like everythings going to happen with out me and that ive been disillusioned this whole time,0,sadness,0,sadness,0.8641404887117258,True
i still feel nervous,4,fear,4,fear,0.6716349557372507,True
i feel intimidated by the tasks you feel overwhelmed by huge and complicated tasks,4,fear,4,fear,0.616176017730382,True
i have to take jenny in to be spayed so of course im feeling nervous and guilty,4,fear,4,fear,0.5106680638145354,True
i can reasonably deduce that my grandfather did also love my mother but that doesn t negate the lifetime of damage that the feeling of being unloved and unwanted created in her,0,sadness,0,sadness,0.7479545270371609,True
im tired of feeling unhappy about things and unmotivated,0,sadness,0,sadness,0.8439930186960056,True
i just couldn t decide what to feel she didn t tell me and then she blamed me because i never told her it would be like that,0,sadness,0,sadness,0.7442839660419265,True
i do take on a half marathon challenge then i will wait and see how the body feels as to whether there will be a pb attempt or a casual kilometre shuffle,1,joy,1,joy,0.7909715509213348,True
i feel so awful she said,0,sadness,0,sadness,0.8617239202390575,True
i feel so fearless in these post grieving days,1,joy,1,joy,0.7697720457958657,True
im not feeling pressured to perform athletic moves in order to stay on the field,4,fear,4,fear,0.5276859270871325,True
im not feeling very hopeful about the coming summer,1,joy,1,joy,0.7737855099341292,True
i blunder through my life ignoring the pain when at all possible and feeling only that dull ache like hearing only the slightest echo of a scream far away,0,sadness,0,sadness,0.8750318305495992,True
i cant do strappy shoes at work i just feel weird so i took these off thrifted ninewest,4,fear,4,fear,0.5446861896884511,True
i did a body scan and realized that everything was feeling amazing,5,surprise,1,joy,0.8346632816699937,False
i was feeling out of sorts restless,4,fear,4,fear,0.5406538599863765,True
i did enjoy the book however and i especially liked the characters of the brothers one fired up with the detectin spirit and the other feeling skeptical but willing to back his brother in a fight,4,fear,4,fear,0.5785185810612747,True
i take photos of but i suppose since i feel i am least talented in the area of portraiture i most admire that ability in others,1,joy,1,joy,0.8462231154710383,True
i see how it turns out i ll talk more about it right now i m feeling proud and scared and a little sick i think that s adrenaline though,1,joy,1,joy,0.6882945009429748,True
i feel pathetic that i can hardly go a whole day not talking to him,0,sadness,0,sadness,0.8814390312992106,True
i feel like i would order carryout from if i lived in the area i am still curious to try some of their other tacos,5,surprise,4,fear,0.44615807366935095,False
ive been feeling a bit messy but im hoping this fresh look will help me figure out a better way to deal,0,sadness,0,sadness,0.7083654694936307,True
im learning mandarin chinese now in preparation for a trip to tianjin this september and already only four lessons in i feel like i have a handle on the basics and im thrilled to have some insight into a language that had always been a total mystery to me,1,joy,4,fear,0.5040259898842274,False
i feel defeated but others i feel refreshed,0,sadness,0,sadness,0.8413938270788834,True
i know that i have it nowhere near as worse as my brethren overseas but right now i feel like im being physically emotionally and spiritually assaulted,4,fear,3,anger,0.4565768291483519,False
i feel relatively safe normal or whatever you might call it,1,joy,1,joy,0.8415273224442054,True
i cant remember ever feeling so exhausted it took trips with the car on the last day to get everything brought to the trailer,0,sadness,0,sadness,0.8552349289149732,True
i described how i was feeling the feeling of being out of control and completely restless the fear of what could still happen my obsession with trying to do it all and the fact that it was just not working,4,fear,4,fear,0.5762388008589824,True
i feel like ive been neglectful,0,sadness,0,sadness,0.8822846914140299,True
i was feeling a bit jaded that day but told myself why the hell not,0,sadness,0,sadness,0.8614367227785021,True
i feel if i completely hated things i d exercise my democratic right speak my mind in what ever ways possible and try to enact a change,3,anger,0,sadness,0.6571673378782357,False
i noticed that i was feeling very stressed and anxious and i just couldnt quite put my finger on why,3,anger,0,sadness,0.5597862672592269,False
i declined to purchase any this time i enjoyed feeling squishing and project thinking all the divine yarn,1,joy,4,fear,0.27759366111987127,False
i feel so bad about it and hes stood there bewildered,0,sadness,0,sadness,0.7554287491971732,True
i felt like id developed feelings for this guy thus explaining why id even follow this guy like a faithful puppy dog and he never knew,1,joy,1,joy,0.5910056786402059,True
i am definitely feeling the effects of the progesterone in two ways my breasts are tender and i m tired,2,love,1,joy,0.4854387463803202,False
i sure did appreciate her asking instead of just feeling mad or hurt because she thought i was,3,anger,3,anger,0.5089592066994958,True
i really am not feeling child friendly,1,joy,1,joy,0.7704897324544094,True
i started questioning god feeling worthless and even jealous of others that come by parenthood so easily,0,sadness,0,sadness,0.7951588087595179,True
i feel so wiggy about everything maybe ill just drop my virtuous lib stance and join georgie porgie,1,joy,1,joy,0.6710950142315976,True
i mention my oldest child before my youngest will her feelings be hurt,0,sadness,0,sadness,0.671658033445265,True
i feel its rude to say he is better than all the other men,3,anger,3,anger,0.5992249257297174,True
i feel less alone,0,sadness,0,sadness,0.869535678657991,True
when we rearranged furniture in our flat and got stuck in a chair,3,anger,0,sadness,0.4476487157958331,False
i dont blame it all to them and im not angry at them infact i feel fairly sympathetic for them,2,love,1,joy,0.4787336187451826,False
i embraced feeling thankful that the middle wall of partition had thus far been broken down,1,joy,1,joy,0.7675713095827743,True
i am running at an approximate minute pace which i feel is quite acceptable,1,joy,1,joy,0.822750766067409,True
i was feeling cold towards to my partner although i didnt think i presented that way i felt like i had to fake my feelings for him and that i didnt love him anymore,3,anger,3,anger,0.3498461865062495,True
i also know what it feels like to be in a relationship where you feel like a burden and too much and not worth loving or pursuing and its just,2,love,0,sadness,0.8112462632281652,False
i love how my customers leave the studio looking automatically refreshed and radiant and now with the product line everyone can feel gorgeous and confident,1,joy,1,joy,0.8472892481739281,True
i don t like the feeling i get when someone is even a little bit offended by some offhand remark i ve made,3,anger,3,anger,0.6195307572799321,True
i feel so weird but i guess kind of happy,4,fear,4,fear,0.5189942016660001,True
i feel stressed but i love the feeling of the calming spirit of my heavenly father and the feeling to keep working,0,sadness,0,sadness,0.7828405462623641,True
im feeling too tortured to write today,4,fear,4,fear,0.33178649005759814,True
i find it relaxes me and i feel productive making food as the end product should taste nice and will satisfy myself and other people,1,joy,1,joy,0.8571856936191408,True
i have found myself fighting back as he wakes me from my sleep time and time again feeling the hurt and sting of my own abandonment to my first love,0,sadness,0,sadness,0.8630534344065401,True
i have tried to see what it would be like if i liked one of my girl friends but it has never really worked and i can only ever feel an emotional connection to them because they are my friends,0,sadness,2,love,0.20798232593767887,False
i go without a new post the more guilty i feel for leaving all my loyal readers in the dark about my progress in this crazy quest i set out on days ago,2,love,0,sadness,0.8202050682265468,False
i definitely feel there s some useful information here for anyone facing similar questions to those i had during this time of my life,1,joy,1,joy,0.7746298450197818,True
i leave something sometimes i throw some change in the tip jar other times i dont leave anything but i feel rude doing that haha,3,anger,3,anger,0.6039829774719938,True
i feel so damn agitated,3,anger,3,anger,0.3809522896614352,True
im feeling rather rotten so im not very ambitious right now,0,sadness,0,sadness,0.8439505020851717,True
i love neglecting this blog but sometimes i feel for my faithful readers,2,love,1,joy,0.550186352944637,False
i felt confused me sometimes that makes me feel useless,0,sadness,0,sadness,0.6977071324553598,True
ive also been feeling somewhat emo irritable lately,3,anger,3,anger,0.630941167424424,True
i just feel so hopeless sometimes,0,sadness,0,sadness,0.8702523619821454,True
i can choose to tell the whole word what im feeling now or just fake it with some happy stories,0,sadness,1,joy,0.30452304643597866,False
ive been soo excited for him to feel and it was amazing,1,joy,1,joy,0.8272985363072137,True
i wanted to skate fast wanted to try everything just to see the difference in feel which was amazing,5,surprise,1,joy,0.8352357327813691,False
i just feel that if i end our marriage he deserves a truthful explanation,1,joy,1,joy,0.6082167099936385,True
i feel ugly i cover myself with a beautiful blanket in a make believe gown,0,sadness,0,sadness,0.8377159755461862,True
i feel he is a terrific actor,1,joy,1,joy,0.8563073185599174,True
i also do feel passionate about teaching,2,love,1,joy,0.7143314791063593,False
i journaled about my tendency to sometimes overcommit myself which can make me feel exhausted and overwhelmed,0,sadness,0,sadness,0.8059708826431429,True
i can t say for certain why but it actually makes me feel amused and you can be sure it s not just me because other people from our offices told me they have the same a href http news,1,joy,1,joy,0.7189335564362488,True
i feel reassured by their behavior on this matter and will definitely continue to do business with them,1,joy,1,joy,0.8196194331100924,True
i feel like that line is so perfect,1,joy,1,joy,0.8391994183284858,True
i have to admit i feel amused when i see the pti jamiat and a whole lot of others in the media try to avoid the suggestion that they are actually protesting the use of sharia in the case of raymond davis s release,1,joy,1,joy,0.7094578128704397,True
i feel rotten my feet still swell up and after i eat i feel bad and the more i eat i feel bad,0,sadness,0,sadness,0.8561977913817991,True
i feel my truth is accepted and not judged because well,2,love,1,joy,0.7881162490134757,False
i woke up today feeling kind of strange,4,fear,4,fear,0.5582341489848403,True
i might hold a sense of satisfaction at feeling superior and giving advice,1,joy,1,joy,0.8268682246866695,True
i sit here in the snowy ohio countryside on christmas eve feeling like i m in a postcard i m thrilled to announce that i found it,1,joy,1,joy,0.7832849986228287,True
i feel like being sociable and just aaaah,1,joy,1,joy,0.838628216431528,True
i never make her separate from me because i don t ever want her to feel like i m ashamed with her,0,sadness,0,sadness,0.8638494717313258,True
i lie in bed knowing that the holy spirit has got to do the work but i feel burdened that i m not working hard enough,0,sadness,0,sadness,0.8758294991442968,True
i believe feeling duality suffering soul growth tells of an ending or a decline or a change of direction often one associated with emotions and it offers one possible response to that decline or change moving on,0,sadness,0,sadness,0.8229655145110173,True
i feel bitchy saying it but i think that next saturday i just want to be alone,3,anger,3,anger,0.5383819403735051,True
i lay in bed feeling as though i were awaiting an unwelcome visitor nevertheless i told myself i was strong and thought of good things until i felt better,0,sadness,1,joy,0.7599741605711327,False
i even feel a little shaky,4,fear,4,fear,0.527948493525407,True
i could feel his breath on me and smell the sweet scent of him,1,joy,1,joy,0.6695083016373244,True
i really feel pissed off as i want to spend more time with you,3,anger,3,anger,0.643728625448915,True
i began to feel very strange,4,fear,4,fear,0.5650330216640708,True
i feel that the packaging is really lovely and the product itself just does everything you ask,2,love,1,joy,0.8146978412594096,False
i feel like charmed gave me the means to spend those few years when my sons were very young at home with them,1,joy,1,joy,0.7845770750067103,True
i feel overwhelmed how about you,5,surprise,4,fear,0.4655641130178904,False
i feel quite worthless but i hear that that is pretty normal for north americans at this point,0,sadness,0,sadness,0.8663055830947105,True
i feel the need to explain myself and my thoughts in ways that are clever funny or maybe even insightful,1,joy,1,joy,0.806733395954084,True
im able to refine my poses and concepts without feeling rushed,3,anger,4,fear,0.5422991271628799,False
i feel reassured that the county government in my county takes the murder of an illegal immigrant in a back alley seriously enough to prosecute someone years later,1,joy,1,joy,0.7639055172245593,True
i feel i was so innocent to have only one dream to fill my brain and to be crazy about it,1,joy,1,joy,0.6846096667818543,True
i feel more aggravated and annoyed by their visits,3,anger,3,anger,0.6335800033257047,True
im not feeling sorry for myself though because i just think of those poor people whom have lost their lives or everything they have due to sandy,0,sadness,0,sadness,0.8654369555159873,True
i feel fake because i think if you really want to have a good conversation and make good contact you have to appear especially self confident and even risk talking to some people which are no good to talk to at all until you meet one person which you have a good connection to,0,sadness,4,fear,0.34117787638300695,False
i didnt have to drink as much last time as people who get ultrasounds at weeks or before do but it was still enough that i was feeling distinctly eager for the toilet by the end,1,joy,1,joy,0.7618718340540197,True
im going through life feeling now rather than being totally numb,0,sadness,0,sadness,0.8394889238561585,True
i find myself feeling paranoid that something is going to ruin what could only be described as my fairy tale love affair,4,fear,4,fear,0.6074038879400633,True
i don t really know the oldest one very well and his mothering mother seems to feel that he is not sweet,1,joy,1,joy,0.6426548845821327,True
i would do almost anything to have that feeling back and those days back they were carefree and wonderful and now everything in my life is just so complicated,1,joy,1,joy,0.48348276581274063,True
i come in contact on a regular basis and the sooner i can figure out how to be kind to them in all situations the sooner they will feel valued appreciated loved and the desire to learn how to pass that kindness on to others as i am learning to do,1,joy,1,joy,0.751042118693514,True
i sure would love to stop feeling so horny all the time,2,love,1,joy,0.26945299541530743,False
i feel he will be perfect for this event,1,joy,1,joy,0.8549741304177579,True
i had just hiked up and down a long steep hillside loaded with grass and bushes so i was feeling pretty doubtful id be able to find it,4,fear,4,fear,0.6513496409515008,True
i feel beautifully emotional knowing that these women of whom i knew just a handful were holding me and my baba on our journey,0,sadness,1,joy,0.24276725130299395,False
i feel like im so distracted most days,3,anger,4,fear,0.384767993643143,False
i see people who physically resemble me i feel confident to strike up conversations with strangers,1,joy,1,joy,0.8559886371016693,True
i will burn for you feel pain for you i will twist the knife and bleed my aching heart and tear it apart i will lie for you beg and steal for you i will crawl on hands and knees until you see youre just like me,0,sadness,0,sadness,0.7323214500246574,True
im feeling a lot more optimistic about my future,1,joy,1,joy,0.8356472720119476,True
i woke up and felt sad all over again but that was quickly replaced with a feeling that reassured me things will work themselves out on their own time,1,joy,0,sadness,0.7955201347197703,False
i always feel so pressured,4,fear,4,fear,0.49136108509591503,True
i feel his gracious presence even now,1,joy,1,joy,0.7554524905314618,True
i feel very saddened that the king whom i once quite respected as far as monarchs go was ineffectual at best,1,joy,0,sadness,0.8586939324461142,False
im feeling envious already,3,anger,0,sadness,0.3625065181360778,False
i feel hated in cempaka,0,sadness,0,sadness,0.7283554111176402,True
im feeling pretty anxious,4,fear,4,fear,0.6417990318012876,True
i feel betrayed and angry and sad at the same time dammit,3,anger,0,sadness,0.8014121708291722,False
i feel like some heroine of some tragic manga,0,sadness,0,sadness,0.8606489161143472,True
i feel about these individuals but that opening line shows how inadequate simple words can be,0,sadness,0,sadness,0.841081700288626,True
i feel as though i am on another adventure and i am more curious about it than anything else,5,surprise,4,fear,0.44685370961136267,False
i was gifted one of the books but am feeling a bit intimidated to take on the intricate work,4,fear,4,fear,0.6095756129614337,True
i carried my phone in my pocket and didn t feel the pull to get lost in it,0,sadness,0,sadness,0.555072518046095,True
i get the feeling donald is smart enough to educate himself through his own densely focused meanderings and their inherent shortcomings,1,joy,1,joy,0.822526649919242,True
i just feel so smug that we got the exploited and she gets bruno marzzz,1,joy,1,joy,0.7694944552039251,True
i feel so embarrassed,0,sadness,0,sadness,0.8041665867454333,True
im feeling all jolly and warm inside but i just feel empty,1,joy,0,sadness,0.3616977764760253,False
i had a feeling that he would be the one eliminated but wasn t completely convinced his cooking skillz were da bomb yes i m whipping out the early s lingo,1,joy,4,fear,0.28200435897944887,False
i have a family i can feel passionate about and completely comfortable with,1,joy,1,joy,0.7273727113794097,True
im feeling just a little bit pleased with myself,1,joy,1,joy,0.8293639802564967,True
i feel that i could be gentle you light up my future,2,love,1,joy,0.6107674387800868,False
i got the sleep but if i could choose not to be woken up by an alarm i d definitely take that over anything it makes me feel so groggy,0,sadness,0,sadness,0.7761485732287753,True
i feel like it add a little bit more shield from the cold and the fabric is great for wicking away sweat,3,anger,1,joy,0.7921003184976912,False
i get to be creative if i feel like it or just sit and chat to customers the people are all lovely even kermit helps out see,2,love,1,joy,0.8338313292961911,False
i just feel insulted oh oh oh to my exexbf i am so totally entirely over you,3,anger,3,anger,0.6548431749874132,True
i highly recommend visiting on a wednesday if youre able because its less crowded so you get to ask the farmers more questions without feeling rude for holding up a line,3,anger,3,anger,0.6145502756662606,True
i always buy a couple of pork loins when they go on sale and when i m feeling clever i cut them in half and tuck them into gallon size ziplocks with a marinade and stuff them in the freezer,1,joy,1,joy,0.8194311054031469,True
i realized that i would be sad to leave this plane so soon and that just because i am feeling unloved and rejected there is no need to transfer those feelings of sadness on to those of my children left behind who i know do love and appreciate me and their father,0,sadness,0,sadness,0.8458447857636751,True
i feel honoured today olu jacobs i feel honoured today olu jacobs a href http momo,1,joy,1,joy,0.8101963183914,True
i feel as though i have merely accepted what has been done and that no matter what time has gone by it will always be with me,1,joy,1,joy,0.7365423595565523,True
i feel about as helpless and superfluous as i did when jenn had elaine naturally,4,fear,4,fear,0.4117641331227833,True
i feel like they rushed the relationship,3,anger,4,fear,0.4244431623242657,False
i feel like my sweet company is finally coming together,2,love,1,joy,0.6789682475979516,False
i feel absolutely devastated that gaia is being pushed to her limit in spite of the great strides we seem to be making with all the media attention lately,0,sadness,0,sadness,0.8409166042259092,True
im just feeling emo and bitchy atm,3,anger,3,anger,0.6197304538866677,True
i feel that they ignored the systemic nature of a pattern of sexual abuse and mishandling of reports of sexual abuse in the service of understandably wishing to defend and protect a friend and his reputation,0,sadness,0,sadness,0.47806097521974655,True
i feel rather privileged to have witnessed the great man in action it really was impossible for a novice like me to work out just which one of the four identical looking riders was he,1,joy,1,joy,0.7943693371959645,True
i stand in front of mansoor s works i feel obviously that the artistic intention is not to raise the already raised questions of structural linguistics and the deconstructionist clamours that followed it,1,joy,1,joy,0.6140581641079349,True
i felt anger when at the end of a telephone call,3,anger,3,anger,0.6043130706798815,True
im trying to be understanding open minded and fair but im feeling completely pissed to the max about a few things,3,anger,3,anger,0.6538756556532176,True
ive struggled mightily through today and even though i feel cranky and tired and unmotivated still i really am not going to be going to sleep before eleven thirty,3,anger,3,anger,0.47190551442686346,True
i always get that feeling that i got one kids more than another and it is vicious,3,anger,3,anger,0.6124821517784171,True
i didn t mean to get angry with you bommie i just can t control my feelings hellip i just hated myself why i am like this the dara who can t get over with that b,0,sadness,3,anger,0.5091578054729977,False
i feel unimportant when he spends nights out with sara and i get no phone call,0,sadness,0,sadness,0.7419805836321056,True
i can t help but feel really nostalgic of the disney levels,2,love,1,joy,0.6785633610404709,False
i can remember feeling that relaxed was last summer on the boat,1,joy,1,joy,0.844912915794722,True
i feel like a naughty school girl because i am falling behind,2,love,3,anger,0.4972618812277366,False
i am sat here feeling mightily distracted and not wanting to write the next scene of my nano just yet rape torture bad stuff,3,anger,4,fear,0.47275462204382823,False
im feeling greedy for right now,3,anger,3,anger,0.4632804244800024,True
i write this th post i feel extremely delighted to buy myself a little corner in this blogger world,1,joy,1,joy,0.8201967892509859,True
i am not feeling the love towards myself and that becomes somewhat of a vicious circle resulting in me just feeling lazy complacent and in general just de motivated,3,anger,0,sadness,0.5440756445414668,False
i feel like we are doomed us humans,0,sadness,0,sadness,0.8662074751371059,True
i feel brave today heading to amman and beirut by way of istanbul or i feel brave today a href http jessicadickinsongoodman,1,joy,1,joy,0.8202907193006952,True
i know that you feel pretty disgusted by the nonstop lefty propaganda the ministry churns out but of the public isn t that tuned in,3,anger,3,anger,0.6141248312842739,True
i am truly unfortunate the majority of the time i m usually drained but i obtain it hard to get from bed i really feel restless and others,4,fear,0,sadness,0.4076252531365969,False
i don t know how i feel about my submissive learning how to use a firearm,0,sadness,3,anger,0.40734714327157684,False
i don t know if it s mostly because he s forcing himself to be distracted or if he s feeling more determined or what but i think that though he s still hurting he is learning to cope with it kame takes a breath,1,joy,1,joy,0.7374554370273214,True
i feel like im still quite bad at describing my feelings with good words and beautiful phrases,0,sadness,0,sadness,0.84720615682227,True
always when i am well succeded,1,joy,0,sadness,0.5911720519087785,False
i feel embarrassed for not having lost weight again and im afraid that another week of disappointing news at the scale will cause people to give up on me and stop following the blog,0,sadness,0,sadness,0.8293966252878062,True
i have this really bad feeling that cold is what i will be for a few months,3,anger,0,sadness,0.6340224987926609,False
i feel like they bring the characters to life completely and i m always kind of surprised what the actors do do together,5,surprise,4,fear,0.35074918980159614,False
i do not want others to feel unhappy just because they have to accommodate to me,0,sadness,0,sadness,0.8688376007615279,True
i have been feeling shaky this morning after taking them as well,4,fear,4,fear,0.500909505302427,True
i am feeling a lot more positive about the future of the virtual birth unit and simulation in midwifery education,1,joy,1,joy,0.8459550008547557,True
i feel like a boring blogger lately,0,sadness,0,sadness,0.804255296151688,True
i started feeling thankful for food for being able to enjoy such delicious things and got into cooking and baking healthy meals for my family,1,joy,1,joy,0.787356704208631,True
i was studying i always had the feeling that the process was unpleasant but it was absolutely necessary,0,sadness,0,sadness,0.5196565038988129,True
i feel if the pressure vessel has been seriously damaged then far more radiation would have leaked he said,0,sadness,0,sadness,0.47997267680298744,True
i also feel lethargic and again,0,sadness,0,sadness,0.87203164081346,True
i managed however to relax and enjoy the scenery feeling romantic and thoroughly enjoying our th anniversary cruise,2,love,1,joy,0.7337786536319952,False
i am feeling so happy,1,joy,1,joy,0.825866247498995,True
i aint happy im feeling glad i got sunshine in a bag im useless but not for long the future is coming on,1,joy,1,joy,0.734227026344131,True
i also tried after all that frustration when i was feeling none too energetic for more problems to work on the respirometry stuff which is going to be a huge nightmare,1,joy,1,joy,0.8274487276880601,True
i never been feel this ashame this humiliated in life,0,sadness,0,sadness,0.8081309733000854,True
ive left the orange scented mixture white but feel free to color it if you wish,1,joy,1,joy,0.8435296302870497,True
i am asleep i would feel no pain but that violent act would be completely unjustified all the same,3,anger,3,anger,0.4929138998634296,True
i feel crappy i eat crappy,0,sadness,0,sadness,0.839601431281709,True
i feel like a bit of an ungrateful fool for not having written anything about him last week,0,sadness,0,sadness,0.8377182526065049,True
im okay with her getting married whirlwind style at the courthouse and going off to kentucky to live with him but im still feeling hurt by the betrayal and secretive style she had adopted,0,sadness,0,sadness,0.6564338555725816,True
im feeling very disturbed by tons of things,0,sadness,0,sadness,0.48990960946410056,True
i feel this strange sort of liberation,5,surprise,4,fear,0.5455316011515882,False
i am most certainly an acquired taste but lately many of those around me have seemed to feel the taste to be bitter,3,anger,3,anger,0.5036861217003067,True
im looking upon the next year as an adventure which very likely will make me curse mathematics and other subjects to hell but eventually make me feel relieved,1,joy,1,joy,0.8085438484048616,True
i will feel awkward about just calling up one of these people out of the blue to hang out or rather to be familiar with them on a deeper level they are not my kith and kin,0,sadness,0,sadness,0.6301893485000003,True
i electrocuted my thumb and i cant type too well because i cant really you know feel some of my fingers as an acceptable excuse for a late paper,1,joy,4,fear,0.2578168852116873,False
i was feeling superior to women who left their alcoholic husbands i was stronger and more godly and wasnt ever going to do that,1,joy,1,joy,0.7973171041781418,True
i am trying not to feel bitter but how else can i feel when it seems my desire is pretty much impossible,3,anger,0,sadness,0.5182704725552643,False
i know how that feels weird right,4,fear,4,fear,0.5397121756690083,True
i am feeling triumphant today,1,joy,1,joy,0.8171522179159925,True
i feel cranky tonight so im not really updating properly,3,anger,3,anger,0.5758916358611126,True
i could feel the sincere enthusiasm of all the people who got involved in this project,1,joy,1,joy,0.7854726865374927,True
i ventured into fabrics amp fabrics on a whim yesterday feeling a bit nervous knowing i would be tempted beyond my comfor,4,fear,4,fear,0.6310516086543231,True
i feel it is worthwhile to give you all a more in depth city sized if you will look at one of our cycle days,1,joy,1,joy,0.8473463377043791,True
i feel like he s a lot more playful open with me than other girls i know he s friends with,1,joy,1,joy,0.7393368208514088,True
i always appreciate them and please feel free to become a follower and come back and visit again soon,1,joy,1,joy,0.8052702520502075,True
im also still feeling whiney as hell so its possible i could rant a bit today,0,sadness,3,anger,0.4158863807890289,False
i get frustrated that unresolved issues from my past have had a severe negative effect on my behavior and feel he must be angry that i have not resolved them by now,3,anger,3,anger,0.5791306412062237,True
i almost didnt even feel convinced by the way the book was written,1,joy,1,joy,0.6978586464277718,True
ive taken yoga classes for years but for the past few days i was feeling very anxious abou,4,fear,4,fear,0.6207480332397236,True
i try my best to love on them shed some light but i feel deeply compassionate with their problems and hurt even if its someone in the media,2,love,1,joy,0.5430079219868743,False
im sorry im feeling a little bitchy tacky looking women came in and sat next to me,3,anger,3,anger,0.5955661071756323,True
i am on top of my game and my fingers feel strong and loose,1,joy,1,joy,0.8157363756929843,True
i am feeling pretty fearless,1,joy,1,joy,0.8163439450111238,True
i had that kinda feeling but ignored it,0,sadness,0,sadness,0.8274849473390291,True
i can send my children to a private school and i don t have to apologize explain or feel embarrassed about this choice,0,sadness,0,sadness,0.7774993864640979,True
i cant helped but to feel burdened and anxious about this,0,sadness,0,sadness,0.8415426599563549,True
i feel that sometimes im not talented enough,1,joy,1,joy,0.8352716210258143,True
i don t follow too many people and i don t have too many followers however i have a feeling that the people that i am talking about may know who they are i m not trying to be rude i m just being real,3,anger,3,anger,0.6424115181141635,True
i feel that he is gazing me and giving a naughty smile encouraging me to study more,2,love,1,joy,0.45670400138408024,False
i was feeling content and oh so happy with my life,1,joy,1,joy,0.8231648253808945,True
i almost feel too stubborn to come back as i said that i was leaving,3,anger,3,anger,0.48571702654239,True
i am just feeling as indecisive as ever i suppose,4,fear,4,fear,0.31374540512289495,True
i feel extremely gloomy and confused,0,sadness,0,sadness,0.7352288103299097,True
i don t feel like i should be punished to carry this burden even though i have been for four years now,0,sadness,0,sadness,0.6942185047446827,True
i did not want to feel rushed through the program,3,anger,4,fear,0.5074262581240664,False
i feel for my sweet boy,2,love,1,joy,0.631966380034751,False
i feel the need to pimp this since raini my beloved rocky casting director loves it so much,1,joy,1,joy,0.7470178667586282,True
i think also i have changed obviously i am making more effort to go to things and make friends i feel less shy and less bothered about peoples judgement of my appearance,4,fear,4,fear,0.37364858638185194,True
i feel vulnerable not knowing what is to come and i feel like the rest of my life depends on today,4,fear,4,fear,0.416353285721551,True
when a friend dropped a frog down my neck,3,anger,4,fear,0.39622455734971235,False
i woke up very early this morning feeling joyful,1,joy,1,joy,0.8182782609820934,True
i feel annoyingly isolated in the hostel with all those people talking outside the room etc,0,sadness,0,sadness,0.8002769764618822,True
i feel like i am joining the masses which goes against my rebellion of the popular mentality ha i m so goth but i take peace in knowing that i am not making the same resolutions as everyone else,1,joy,1,joy,0.6666990276703048,True
i feel that passionate about,1,joy,1,joy,0.6545819884267026,True
i thought i would feel apprehensive about it i was surprisingly comfortable while he was gone,4,fear,4,fear,0.6019890496921484,True
i could have expected in every way and i was feeling a bit overwhelmed at that point how quickly life changed in the past weeks,4,fear,4,fear,0.5444539349248652,True
i feel i have to give credit to jen mitchell for her gorgeous card a href http www,1,joy,1,joy,0.7849406423525858,True
i could almost feel her gentle touch in the moonbeam she sent to shine over me he added touching his face dreamily,2,love,1,joy,0.5872488565858988,False
i was somewhat coerced into this blog review so i feel a bit rushed and flustered,3,anger,4,fear,0.5049954586415781,False
i feel furious with myself,3,anger,3,anger,0.5942947708139253,True
